indicador_aprobacion_evo,valor_prediccion,limite_credito,fecha,hora,num_cuentas_deuda_120,porc_credito_revolving_nuevo,porc_credito_revolving_antiguo,prom_cuentas_credito_6m,total_cuentas_credito_6m,max_meses_credito_abierto,max_cuota_prestamo,max_monto_prestamo,max_monto_capacidad_prestamo,max_plazo,min_plazo,tasa_interes,monto_solicitado,puntuacion,ingreso_elegido,ingreso_reportado,id
0,0.051749,,2023-11-03 00:00:00,02:38:58,0.0,,,,,,0.0,0.0,0.0,0.0,0.3333333333333333,0.6435483870967742,0.0303030303030303,,0.0453,0.0006717226435536,6bddcd42f48093439ac69c3be264cf149c67446272192b112b1e3234158b4051
1,0.048167,,2024-02-19 00:00:00,16:19:51,0.0,,,,,,0.1192805044775963,0.4545454545454545,0.0,1.0,1.0,0.6435483870967742,0.2424242424242424,,0.13708356,0.0032502708559046,a97d1fd154f4b866f655e53fa9d89ea9707643a3af6d46e6514de114050083f1
1,0.201667,,2023-10-31 00:00:00,00:48:51,0.0,,,,,,0.1113737965225982,0.0545454545454545,0.1113737965225982,0.75,0.3333333333333333,0.8370967741935484,0.0202020202020202,,0.06,0.0009167430619218,c9a1ac63fe27f609daba6a1c6026f48a73af82e9bf0cf61f77fcb3b9c44a58f0
0,0.213518,,2023-10-20 00:00:00,19:53:19,0.0,,,,,,0.0,0.0,,0.0,0.0,0.0,0.494949494949495,,0.2,0.0032502708559046,f9c893c6148e76b169e0a86653b30f61317cf3fdad5dddb3e36f4450cc90fe41
1,0.125389,,2024-01-03 00:00:00,10:35:18,0.0,,,,,,0.0454881769661317,0.1454545454545454,0.0418820028361877,1.0,0.3333333333333333,0.8370967741935484,0.0707070707070707,,0.0365,0.0005250437536461,cfe8bd790d85419b41bb4f11ad12cb12ca298e5472ec54a7bcd8b470f051dabb
1,0.052884,,2023-10-28 00:00:00,00:55:36,0.0,,,,,,0.0353830167090778,0.049090909090909,0.0,0.75,0.3333333333333333,0.6435483870967742,0.1717171717171717,,0.032,0.0004500375031252,b8cd9396568a3419901d7a2f186cb5ebe009d9ebbcb3726de843291882e23bb7
0,0.318739,,2024-01-05 00:00:00,14:58:50,0.0,,,,,,0.0,0.0,0.0,0.0,0.0,0.0,0.2424242424242424,,0.011272,0.0007500625052087,cc6ee50fc3247f5a64face96737f54e9c401d1302395e09708ee801119320507
1,0.171531,,2023-12-17 00:00:00,11:34:16,0.0,,,,,,0.0296996790726928,0.0181818181818181,0.0273451724407975,0.5,0.3333333333333333,0.9677419354838708,0.0,,0.02,0.0002500208350695,cfe9246951b61d97a5d03f229fb2f91f8d17afeb393f37da1af5a20dbd80e9f9
0,0.152026,,2023-10-20 00:00:00,01:34:23,0.0,,,,,,0.0,0.0,0.0,0.0,0.3333333333333333,0.8370967741935484,0.0404040404040404,,0.019667,0.0004167013917826,b89238cb5476cf170f3a5395310bec5eac57b95a608049d91546f8f6d89934e6
1,0.167962,,2024-02-13 00:00:00,12:54:55,0.0,,,,,,0.0307503052198893,0.0727272727272727,0.0283125079158907,0.75,0.3333333333333333,0.9677419354838708,0.0303030303030303,,0.025,0.0003333611134261,7ab145c7a1e13ff145890411c811296d02f62b39ce14a58eb71e932e490eafd6
0,,,2023-11-27 00:00:00,18:16:37,,,,,,,,,,,,,,,,0.0002500208350695,696817fdbfc697533c94c62b08e68d3d336144b1d34def6e33cc1619b8d00b23
0,0.251823,,2023-12-10 00:00:00,10:30:22,0.0,,,,,,0.0,0.0,0.0,0.0,0.0,0.0,0.0909090909090909,,0.023,0.0003000250020835,1c86aea139f3c2665410ed96850a240824ad616c2f339b39992dbdd805bbfd7f
0,0.447415,,2023-11-27 00:00:00,17:57:30,0.1428571428571428,,,,,,0.0,0.0,0.0,0.0,0.0,0.0,0.1919191919191919,,0.020228,0.0004333694474539,cf0a8c28180ddb1daab8ba387a3c78580eec740bb0f2f48e55804489b9e80dbe
1,0.038332,,2023-10-25 00:00:00,16:40:15,0.0,,,,,,0.0982861575252163,0.1363636363636363,0.0,1.0,0.3333333333333333,0.6435483870967742,0.0656565656565656,,0.052,0.0007833986165513,475eb4ce5eb68cba17730b27c24f888b23b61309dc5365f3afa373e7f000bdbd
1,0.202793,,2023-10-31 00:00:00,23:26:35,0.0,,,,,,0.0131019391737207,0.0909090909090909,0.0131019391737207,0.75,0.3333333333333333,0.8370967741935484,0.0404040404040404,,0.04,0.0005833819484957,a491cbe8cbd23dd93325ad2e9f3ad473b9d9b735ac89eff63828d543156eda76
0,,,2024-02-07 00:00:00,01:39:33,,,,,,,,,,,,,0.0404040404040404,,,0.0003666972247687,3b91e3399ecd390385fa15b69c4698b0a5e2c5fc4ad3239cb824df5f2004ddcc
1,0.087864,,2023-11-15 00:00:00,16:03:24,0.0,,,,,,0.0268973658537889,0.1727272727272727,0.024765018695146,1.0,0.3333333333333333,0.8370967741935484,0.0909090909090909,,0.035,0.0005000416701391,234bdb03170abbefd3e40dbc5faadb832caf8fc385ebb3cc56b200d5ee972b46
0,,,2024-02-04 00:00:00,13:19:01,,,,,,,,,,,,,0.0303030303030303,,,0.0005833819484957,0b05a75916212d36ea09a193c8267252311c5c620af0426f77f29ae58044fdce
0,0.260739,,2023-12-18 00:00:00,22:51:32,0.0714285714285714,,,,,,0.0,0.0,0.0,0.0,0.0,0.0,0.0,,0.011482,0.0007500625052087,5837e445c2c11178914d2143f902bd4887515fc4bd3b527024e21a2982cf31f5
1,0.138314,,2024-01-27 00:00:00,19:07:29,0.0,,,,,,0.0325657872022449,0.0181818181818181,0.0299840636168518,0.5,0.3333333333333333,1.0,0.0,,0.01462004,0.0004167013917826,70b52f36fb03ef18fd89578de4a514d67fd0da2d7167a5052e9024609518f787
0,0.26415,,2023-11-30 00:00:00,23:03:56,0.0714285714285714,,,,,,0.0,0.0,0.0,0.0,0.0,0.0,0.0505050505050505,,0.017472,0.0007500625052087,7c22c402956cd2ec17e65bdeb833093d65902cfd76478eecfdc3cf1202a4bed8
0,,,2024-02-15 00:00:00,21:51:27,,,,,,,,,,,,,0.0202020202020202,,,0.0004167013917826,0cce8dd394f7fe71a33bcface213a6bff128059ea28a623a6c08bd653e05339e
0,0.284874,,2023-11-03 00:00:00,21:40:12,0.0,,,,,,0.0,0.0,0.0,0.0,0.0,0.0,0.0404040404040404,,0.03071084,0.001583465288774,b63e4a5b1ce2343faa8bf8c734ff96c13501f25b3049ce983d00d4dcfd22b82a
0,0.185525,,2023-11-09 00:00:00,04:11:54,0.2142857142857142,,,,,,0.0,0.0,0.0,0.0,0.3333333333333333,0.8370967741935484,0.0,,0.029,0.0004000333361113,45c0415774d35c8ee31c3fa9fc763f6bf45745b615dc851061eff70fdccad524
0,0.11086,,2023-11-04 00:00:00,14:53:28,0.0,,,,,,0.0,0.0,0.0,0.0,0.3333333333333333,0.7403225806451613,0.0909090909090909,,0.074,0.0011500958413201,6c5dd80c7c5372c6ed5b6f7e4a57ad0c1c9ffd13018410a09e96b7276e572dce
0,0.173412,,2023-10-18 00:00:00,17:36:39,0.0,,,,,,0.0,0.0,0.0,0.0,0.3333333333333333,0.8370967741935484,0.0,,0.014608,0.0004167013917826,5ecbea33062e5fe3b9db7a85ee61b98eda8c36f892e12f704fdd0d087021feca
1,0.133487,,2024-01-18 00:00:00,14:52:34,0.0,,,,,,0.007453431460083,0.0327272727272727,0.0044498511651178,0.5,0.3333333333333333,0.9677419354838708,0.0101010101010101,,0.013752,0.000550045837153,d98d7418ddfd61d3c4b92361e549a9140662fececf89bbb76fa860418d3ad6b5
0,0.069132,,2023-11-29 00:00:00,11:55:25,0.0,,,,,,0.0,0.0,0.0,0.0,0.3333333333333333,0.0,0.1515151515151515,,0.065,0.0008000666722226,c1b7d2853193e251f4854a04005ddd0013d3f9dc2ac6571decb57609bf59a901
0,,,2024-01-06 00:00:00,03:33:14,,,,,,,,,,,,,0.0,,,0.0005833819484957,99f45e47f4fe8e1e327b3e066ac1eb6b275ff758dfafac49ec71c7c020020e18
1,0.207148,,2023-10-25 00:00:00,13:00:54,0.0,,,,,,0.0094637284873158,0.0309090909090909,0.0079183725653434,0.5,0.3333333333333333,0.8370967741935484,0.0101010101010101,,0.011368,0.0007333944495374,6b3945d12a0e3d6c842302003c8ae8295147956bf899840e5b5452c0b1df5561
0,0.278787,,2023-10-20 00:00:00,23:48:23,0.0,,,,,,0.0,0.0,,0.0,0.0,0.0,0.0505050505050505,,0.06,0.0009167430619218,d7134bff322e95f29c62665a2d160381407d70fa1aabdc0475e622c4c4569024
0,0.129135,,2024-03-01 00:00:00,16:30:41,0.0,,,,,,0.0,0.0,0.0,0.0,0.3333333333333333,0.0,0.0404040404040404,,0.025,0.0003333611134261,6f8190c7f6ecb9ae67f9d01ae58a9d9cd68a052bb574500ed748b5f05337251a
1,0.1776,,2023-10-22 00:00:00,23:03:10,0.0,,,,,,0.0076278428254373,0.0472727272727272,0.0063822732702706,0.75,0.3333333333333333,0.8370967741935484,0.0707070707070707,,0.037,0.0005333777814817,2cc08da9356f174c3ad090f106023ba6c95a2caca2b48594d73c3fa8517643d8
0,0.205723,,2023-12-29 00:00:00,16:14:38,0.1428571428571428,,,,,,0.0,0.0,0.0274352064210588,1.0,0.3333333333333333,0.0,0.0656565656565656,,0.03,0.0004167013917826,ebbbb6d3b12e01ad2a16edc9f703c84bee281b9f3663ebe595ada0990dc9500b
0,,,2023-12-09 00:00:00,15:15:15,,,,,,,,,,,,,0.0101010101010101,,,0.0002500208350695,abe3b9c8a73f5ed1ddc929aacfa15897112c15526dfabc9309d329d3e176bd40
0,0.472792,,2023-12-24 00:00:00,21:34:29,0.3571428571428571,,,,,,0.0,0.0,0.0,0.0,0.0,0.0,0.0656565656565656,,0.03,0.0004167013917826,75276f1169114547d174a2db41e038c07d50f4a48ab28d5f29e3df652f2b05f8
1,0.049335,,2023-11-06 00:00:00,11:24:24,0.0,,,,,,0.0649680479715156,0.0909090909090909,0.0649680479715156,0.75,0.3333333333333333,0.6435483870967742,0.0404040404040404,,0.035,0.0005000416701391,16113dbe284cca7f309d8027268edb66312a32edf3e29c79c212a8c7532eddf8
0,0.29761,,2023-10-25 00:00:00,11:49:36,0.0,,,,,,0.0,0.0,,0.0,0.0,0.0,0.0,,0.0225,0.0002916909742478,7f502e4c70bdc00839e1924de16eb334bf2521f128acb3630deea20aa2da591e
1,0.110062,,2023-12-04 00:00:00,02:55:54,0.0,,,,,,0.0284240778565207,0.069090909090909,0.0261706972844652,0.75,0.3333333333333333,0.9677419354838708,0.0404040404040404,,0.019141,0.0005833819484957,3482f5d7ed5d133c8aaf620b1c5452b261faddaa101b05957352d05f06291e23
1,0.185612,,2023-10-17 00:00:00,14:57:08,0.0714285714285714,,,,,,0.0290896031150211,0.0527272727272727,0.0290896031150211,0.75,0.3333333333333333,0.8370967741935484,0.0303030303030303,,0.01958917,0.0003400283356946,c0b78d3743c4ad8b6f505f6e59b308e802f5c054f03beda862aa584f951f77cd
0,0.151327,,2024-02-28 00:00:00,02:03:18,0.0714285714285714,,,,,,0.0,0.0,0.0,0.0,0.3333333333333333,0.0,0.3939393939393939,,0.16,0.0025835486290524,90d8716c519b6f7cefaec0c329d7050de1a5f74d22418c4133d1114050c75f30
0,0.213227,,2024-02-29 00:00:00,22:12:20,0.0,,,,,,0.0,0.0,0.0,0.0,0.0,0.0,0.494949494949495,,0.020991,0.0012501041753479,9bdfc2a9601a3c526f21901f57177bef92232e7613aefff02cb589c292597352
1,0.184408,,2024-02-22 00:00:00,15:24:02,0.0,,,,,,0.0195638468479619,0.0181818181818181,0.0180128803531332,0.5,0.3333333333333333,0.9677419354838708,0.0,,0.013463,0.0002500208350695,63642ae167c666704a7b340a6299ed6671549ce09a82b38034c0dac52251b5d6
0,0.098737,,2024-03-01 00:00:00,12:19:12,0.0,,,,,,0.0,0.0,0.0,0.0,0.3333333333333333,0.0,0.0404040404040404,,0.064,0.000983415284607,7a1848c7fb0347dc327c0e289259df682c1df9279b63c6979b4ad5c5195795fd
0,0.139653,,2023-11-25 00:00:00,10:30:35,0.0,,,,,,0.0,0.0,0.0,0.0,0.3333333333333333,0.0,0.3434343434343434,,0.022836,0.0009167430619218,3d56ddd764752f8674025d4922520f006cecfb1b31f8738e430095708161184b
0,0.364346,,2024-02-24 00:00:00,22:52:16,0.0,,,,,,0.0,0.0,0.0,0.0,0.0,0.0,0.0,,0.013218,0.0005000416701391,bbcbe3e020eb0b239808a6250238cbfba1decff83fa4fa8744e871d0a5bd2464
0,,,2023-11-02 00:00:00,18:15:27,,,,,,,,,,,,,,,,0.0024168680723393,dfb1be86e61a7a892d3738bd64f98accab32c0de62da03ff831cd34cc635b594
0,0.210181,,2024-02-17 00:00:00,14:34:31,0.0,,,,,,0.0,0.0,0.0,0.0,0.0,0.0,0.5959595959595959,,0.15,0.0032502708559046,9a30552efbe93f8741acb5cf2773c07016979fb6e0b7a98239f20b7edd71b2a3
0,,,2024-01-29 00:00:00,18:03:27,,,,,,,,,,,,,0.0151515151515151,,,0.0005833819484957,a8a53acc58009f469d652ae0aa446ce5af3b81128ceee04b17ba30790e0add2d
1,0.178676,,2024-01-20 00:00:00,00:02:56,0.0,,,,,,0.0069348750634737,0.0181818181818181,0.0041402623806782,0.5,0.3333333333333333,0.9677419354838708,0.0,,0.025,0.0003333611134261,fb99a384e00251b85069472786765d8043a6452cf89b8c18cd76a17109bf8f69
1,0.096153,,2024-01-25 00:00:00,19:29:02,0.0,,,,,,0.0373213592147226,0.0181818181818181,0.0343626273184171,0.5,0.3333333333333333,0.9677419354838708,0.0,,0.016755,0.0005833819484957,47acdab016fb465d5ab03b590bd40db538ce775192f44b104a1f4984e141dcde
0,,,2023-12-01 00:00:00,18:32:02,,,,,,,,,,,,,0.0151515151515151,,,0.0005824652054337,b16e1e8e642a75f7fd8f8645c6c1f3eb4e1ea0a1de503cd239fc2b59c75ad4e5
0,0.178696,,2024-02-21 00:00:00,19:36:02,0.0,,,,,,0.0,0.0,0.0,0.0,0.3333333333333333,0.0,0.0505050505050505,,0.026537,0.0015180431702641,af87812b2a0eb69a7c6c6bf5514db5135bf3bb2b55d1c29fc0f111e84a41b8e5
0,0.298188,,2024-02-03 00:00:00,14:12:35,0.0,,,,,,0.0,0.0,0.0,0.0,0.0,0.0,0.1414141414141414,,0.010603,0.001583465288774,ee1fa64a075e8c14683818052a9301d3fbc68df807a7eab682090a1ba456eae1
0,0.098699,,2024-01-15 00:00:00,02:18:10,0.0,,,,,,0.0,0.0,0.0,0.0,0.3333333333333333,0.0,0.4898989898989899,,0.066593,0.0082506875572964,4391bfef1301ff9693b62854765bb6cd63ff13b9d68adbda9dcca0600b903bcc
0,,,2023-10-23 00:00:00,03:43:32,,,,,,,,,,,,,,,,0.0007833986165513,fe26141d35040d4e9a9fdb9a6beb701a86f7892552bf88b35d870ea73b8336f4
1,0.06831,,2023-11-16 00:00:00,01:35:54,0.0,,,,,,0.0788515574962032,0.109090909090909,0.0,1.0,0.3333333333333333,0.7403225806451613,0.0505050505050505,,0.07,0.0010834236186348,9cd2bf60105351ee92f7b54663bed919141796ee6d1e66978a396b92623c200a
1,0.068261,,2023-10-13 00:00:00,19:09:47,0.0,,,,,,0.0280067973655493,0.1818181818181818,0.0280067973655493,1.0,0.3333333333333333,0.6435483870967742,0.1212121212121212,,0.05,0.0007500625052087,3292ce4f943e99f54705f33b7ce08d4e01bbd39848634d4a6e810f26d4f992b9
0,0.191586,,2024-03-01 00:00:00,12:32:36,0.0,,,,,,0.0,0.0,0.0,0.0,0.3333333333333333,0.0,0.0404040404040404,,0.0255,0.0003416951412617,8a8e9ac22cbb88fa854de2e16a9fdc88a31c548fc2be8d8bf8b53de99670b7ce
1,0.171637,,2023-10-19 00:00:00,01:29:09,0.0,,,,,,0.0157452848603881,0.029090909090909,0.0157452848603881,0.5,0.3333333333333333,0.8370967741935484,0.1111111111111111,,0.010603,0.0003666972247687,919b4962805ba62dc94bcd1128d688752cc4f7ecc155a6e5bfa6a4c488b2a75d
0,0.127491,,2023-11-12 00:00:00,15:32:00,0.0,,,,,,0.0,0.0,0.0,0.0,0.3333333333333333,0.0,0.002020202020202,,0.048,0.0007167263938661,6f8cd9454913a8a110367a822611b6cbe88296034d21638e4b3772e86f765177
0,,,2024-02-21 00:00:00,19:35:15,,,,,,,,,,,,,0.0303030303030303,,,0.0004200350029169,45b5f5023d7c327aee686d9d0c83bce3791688b9f041ebe0e8531e1eca72b8af
0,,,2023-11-12 00:00:00,20:58:04,,,,,,,,,,,,,,,,0.0010834236186348,14d1e5a5603294532367202fd7e04a28e9f3b28c2bd9af6411c45d57ba966291
0,0.406207,,2024-01-28 00:00:00,01:23:15,0.1428571428571428,,,,,,0.0,0.0,0.0,0.0,0.0,0.0,0.0,,0.005608,0.0005000416701391,54dbe04b5698b973193352323557a883849e71778c58aee72a26eb8411fb6628
1,0.124563,,2023-10-21 00:00:00,19:20:29,0.0,,,,,,0.0267891105235689,0.1818181818181818,0.0267891105235689,1.0,0.3333333333333333,0.7403225806451613,0.494949494949495,,0.0241,0.0004333694474539,4bd09375047c54831bbe2ff2c1297a4a5c4fa51f072089c499d1f8d4c3868d69
1,0.118527,,2023-12-20 00:00:00,00:18:36,0.0,,,,,,0.0145151241531971,0.0181818181818181,0.0133644061269909,0.5,0.3333333333333333,0.9677419354838708,0.0,,0.010372,0.0003333611134261,ee964c8a97f957279c3b24aa81a8310fe932dac4a84319b3f238c93d25ec3c1f
0,0.211493,,2023-10-19 00:00:00,15:40:52,0.0,,,,,,0.0,0.0,,0.0,0.0,0.0,0.0303030303030303,,0.040682,0.0011500958413201,21e5f601fd1a6d665431d85ac1e8b38b167d751bf15aaf2d763f9413c9de19c8
0,0.334719,,2023-11-25 00:00:00,16:54:02,0.2142857142857142,,,,,,0.0,0.0,0.0,0.0,0.0,0.0,0.005050505050505,,0.017999,0.0004167013917826,087729b392d524a833df5dc57c530317d0052415d93194b63dffcbffd6c6d38e
1,0.106225,,2023-10-19 00:00:00,17:36:23,0.0,,,,,,0.0246457589340904,0.04,0.0246457589340903,0.5,0.3333333333333333,0.7403225806451613,0.0116161616161616,,0.0275,0.0003750312526043,47ef205d90f195a8324209904421843c7604070566b91f95a60367a8637588b5
1,0.118281,,2023-12-20 00:00:00,22:50:14,0.0,,,,,,0.0196537626263545,0.0181818181818181,0.0180956678626977,0.5,0.3333333333333333,0.9677419354838708,0.0,,0.013235,0.0004167013917826,0e4e21fd3244e0a25390456f0d8df5983c676f9a6958a971b042c169a2fa95a2
0,0.365988,,2023-11-09 00:00:00,22:18:23,0.2142857142857142,,,,,,0.0,0.0,0.0,0.0,0.0,0.0,0.0,,0.05,0.0007500625052087,1eceb880f563da5ba27af6ccf86303722c60e1091737d67068196077e04e8a1b
1,0.072336,,2024-01-17 00:00:00,01:46:46,0.0,,,,,,0.00642671355454,0.0272727272727272,0.0038368795569806,0.5,0.3333333333333333,0.9677419354838708,0.0404040404040404,,0.03184,0.0009167430619218,d98ead818907b4bf3a556140156717947ae4c8973da19442e667e87b3fae275f
0,,,2023-11-03 00:00:00,07:14:02,,,,,,,,,,,,,,,,0.0009717476456371,5acb7bc595440a64c67aa7b4b5e063c949c40a2c80660dcd19a09a3306bd82ee
0,,,2023-10-31 00:00:00,15:22:34,,,,,,,,,,,,,,,,0.0007500625052087,3b30c2ceeb7cf7704184817948a1b2450262290a74aa82b181744d878b0b2771
1,0.171894,,2024-01-23 00:00:00,18:19:20,0.0,,,,,,0.0407980778961697,0.109090909090909,0.037563721567268,1.0,0.3333333333333333,0.9338709677419356,0.0505050505050505,,0.06,0.0009167430619218,34acdedbadf2393bbbf4d6fb43128a1409ec2eacc305bebf803dc5d78666eb6b
0,0.057405,,2023-11-13 00:00:00,19:11:14,0.0,,,,,,0.0,0.0,0.0,1.0,0.3333333333333333,0.6435483870967742,0.797979797979798,,0.1,0.001583465288774,093f24ebddd2f121d079b52a4fc0a23c44d2b24a128a15a3795848fbd8a908ca
1,0.067971,,2023-12-13 00:00:00,23:33:35,0.0,,,,,,0.0332020137273401,0.1272727272727272,0.0305698519008785,1.0,0.3333333333333333,0.7403225806451613,0.0606060606060606,,0.065,0.0010000833402783,b8971ab8368aaf1d930da1638a8851a8ef608136873cc68bb20784fb076f24bd
0,0.333269,,2023-12-21 00:00:00,17:11:16,0.1428571428571428,,,,,,0.0,0.0,0.0,0.0,0.0,0.0,0.0404040404040404,,0.015733,0.0006667222268522,8c29eb51cc0bcab74f532d5fb331f26c867092161822e38e7cc92e3db2e6c5d9
1,0.115291,,2023-11-21 00:00:00,21:35:52,0.0714285714285714,,,,,,0.04157955070177,0.0636363636363636,0.0382832414171165,0.75,0.3333333333333333,0.9677419354838708,0.0252525252525252,,0.028,0.00038336528044,dfb2be504d9cd66e79df850935e5f1dafd36298fe38b58ee86c564d1cc58d153
1,0.151139,,2024-02-12 00:00:00,04:52:02,0.0,,,,,,0.0275378394329915,0.0545454545454545,0.0253547173388318,0.75,0.3333333333333333,0.9838709677419356,0.0202020202020202,,0.03,0.0003500291690974,8c9b545837e56d84df37d767366ac8fffbd89e7fe2cd3cb45cb113a602222487
0,0.171641,,2023-12-07 00:00:00,20:25:52,0.0,,,,,,0.0,0.0,0.0,0.0,0.3333333333333333,0.0,0.0404040404040404,,0.005954,0.0009167430619218,69fe7264a9e90b25942c14c70c520f067ceceaf9e5da48a8488cbce19b3586e0
1,0.178609,,2024-01-18 00:00:00,16:43:07,0.0,,,,,,0.3431446718144625,0.4545454545454545,0.3159411318870042,1.0,0.3333333333333333,0.8693548387096774,0.2424242424242424,,0.245,0.0029169097424785,7c4b5221b4b9e457b830d81a5d8d332fd8d18a2ece5c9900099baea7db1b4646
1,0.067081,,2023-10-19 00:00:00,01:14:46,0.0,,,,,,0.012472454475775,0.0763636363636363,0.0104357961532646,0.75,0.3333333333333333,0.6435483870967742,0.1414141414141414,,0.08,0.0010000833402783,6d55485257b17f4fc4ff41aeef6b490abb93bf82be40eeb3d329c9f7ddcc3847
1,0.205785,,2024-01-17 00:00:00,19:15:34,0.0,,,,,,0.0123440033637856,0.0709090909090909,0.0096708904593041,0.75,0.3333333333333333,0.9677419354838708,0.1414141414141414,,0.051162,0.002616884740395,158edbdfa9cc505aaa863aa9955767170fb9906c69fb7da6e63fe0cca67d07cb
0,0.091746,,2023-11-15 00:00:00,19:13:01,0.0,,,,,,0.0,0.0,0.0,0.0,0.3333333333333333,0.0,1.0,,0.13730214,0.009917493124427,5793a71414c94deb6bf16a72d830a790b915af902c28e6472dca61f6b1475705
1,0.113731,,2023-11-15 00:00:00,21:34:48,0.0,,,,,,0.0173074879796117,0.0181818181818181,0.0159353992398747,0.5,0.3333333333333333,0.9677419354838708,0.0,,0.011655,0.0002500208350695,c86f161139ec3c5f7da6b7cbdec2d69259f2cb9dd39b34a5a72ba3f254628177
0,0.058078,,2024-01-14 00:00:00,20:57:24,0.0,,,,,,0.0,0.0,0.0,1.0,0.3333333333333333,0.5790322580645161,0.1919191919191919,,0.075947,0.0024168680723393,6cdc80d0576d955f60d376ddc0e7a2defb7801040a0bd5588819d513f6369cc0
0,,,2023-11-08 00:00:00,20:05:15,,,,,,,,,,,,,,,,0.0004167013917826,77622544cb00f1639cf9c6e4fc4fea3a11ab4bce0ae782565bb74d24281bb8ef
1,0.166065,,2024-02-12 00:00:00,04:41:51,0.0,,,,,,0.1213280894589973,0.1454545454545454,0.1117095413741106,1.0,0.3333333333333333,0.9338709677419356,0.0707070707070707,,0.06,0.0009167430619218,702a1c17a6bd2c24528b9b410319d17422077f8c27414ea058e9f6d8959904c0
1,0.191958,,2024-02-11 00:00:00,03:48:50,0.0,,,,,,0.062369326052655,0.1272727272727272,0.0574248621256748,1.0,0.3333333333333333,0.9338709677419356,0.2424242424242424,,0.028,0.00038336528044,8b43a05dc6067af5062551152ea1b7bde5e6d961ea160c5d2e9474d89dd52887
0,,,2023-12-10 00:00:00,06:56:46,,,,,,,,,,,,,0.005050505050505,,,0.0003500291690974,cff0904cc3b2196b94d6a737dd57d69624d49c37983337eed4261aa1826b7e67
0,0.098515,,2024-02-02 00:00:00,17:40:51,0.0,,,,,,0.0,0.0,0.0,0.0,0.3333333333333333,0.0,0.0909090909090909,,0.04,0.0005833819484957,10849d6490d98345edca99351ddd9aebfdf25978a627d5a0400fa7aab0ac069d
1,0.206694,,2023-10-13 00:00:00,12:30:43,0.0,,,,,,0.019494052602141,0.0363636363636363,0.019494052602141,0.5,0.3333333333333333,0.8370967741935484,0.0404040404040404,,0.013413,0.0005833819484957,c7387f9326a47e1536ac4677263c2c4e31beda912b85490c1a79292aa2362a41
1,0.059304,,2023-12-08 00:00:00,13:32:54,0.0,,,,,,0.1043973419084226,0.1818181818181818,0.0961210156466474,1.0,0.3333333333333333,0.7403225806451613,0.0909090909090909,,0.070302,0.0040836736394699,d1f60a23b32416729391607a0fc2eeee438e4c3dffdf38b8389eb0cee616bef0
0,0.116966,,2023-11-22 00:00:00,00:33:24,0.0,,,,,,0.0,0.0,0.0,0.0,0.3333333333333333,0.0,0.0656565656565656,,0.029,0.0004000333361113,b72ddad3b24070cc1854d9bd529f5b851cc5b6572b9430d70323fd11439aef2b
0,0.15001,,2023-12-06 00:00:00,19:12:27,0.0714285714285714,,,,,,0.0,0.0,0.0273343027347523,1.0,0.3333333333333333,0.0,0.2929292929292929,,0.062,0.0009500791732644,d01621600fd27c677c3b2c7ad7dbc20f99ee0ff6e3eaecaa473376aee288c6fe
0,0.329903,,2023-11-28 00:00:00,11:32:13,0.0714285714285714,,,,,,0.0,0.0,0.0,0.0,0.0,0.0,0.1919191919191919,,0.04564447,0.0024168680723393,fbfa3a2b758242e26534df2cecd5c2b335670ce7719c1afdeef3c1d00205701a
0,0.12569,,2023-10-30 00:00:00,16:47:53,0.0,,,,,,0.0,0.0,0.0,0.0,0.3333333333333333,0.7403225806451613,0.0909090909090909,,0.024303,0.0017501458454871,a28d6bf815df841b50b48e63611bd1011812346c1bc2d40a4f7c0da36a633fa5
0,0.355166,,2023-11-15 00:00:00,10:09:48,0.0,,,,,,0.0,0.0,0.0,0.0,0.0,0.0,0.0505050505050505,,0.010753,0.0003333611134261,5c0fe9b38b8c352c0615c6cad1387db53ed3d0178ca030bd164d5b6c7aa39fec
1,0.112878,,2023-10-05 00:00:00,23:49:41,0.0,,,,,,0.0225970008224583,0.0545454545454545,0.0225970008224583,0.75,0.3333333333333333,0.6435483870967742,0.0202020202020202,,0.015217,0.0010834236186348,3a4028d9c019bd226276e0a64d4e604d10c5a87744ce408426843929112343f5
0,0.194353,,2024-03-01 00:00:00,14:21:22,0.0,,,,,,0.0,0.0,0.0,0.0,0.3333333333333333,0.0,0.0909090909090909,,0.023,0.0007500625052087,7bc5cfb3e609da4ed7294228af8719c32f97075ba0291672cc64e9b1cfb610a9
0,,,2023-11-24 00:00:00,00:42:18,,,,,,,,,,,,,,,,0.0015001250104175,ce8e1aaa25b023ca574bce0cd455a7b34351b903a83195fa6cf7fc2f4cf2fad8
0,0.23972,,2023-10-25 00:00:00,13:52:32,0.0,,,,,,0.0,0.0,,0.0,0.0,0.0,0.3939393939393939,,0.052524,0.0011667638969914,36f1ebb81d87a36d74611086e0c09d74707ddab4da0450501b7c5a9207e89e5c
0,0.208084,,2023-10-19 00:00:00,15:38:24,0.0,,,,,,0.0,0.0,0.0,0.0,0.3333333333333333,0.8370967741935484,0.1919191919191919,,0.02001,0.0004500375031252,c51bc6e6c830169be954fa8df082b3aa83db0d6103dd6807d6d1fe4301d5ec94
0,0.504861,,2023-11-05 00:00:00,23:50:11,0.2857142857142857,,,,,,0.0,0.0,0.0,0.0,0.0,0.0,0.0131313131313131,,0.056,0.0008500708392366,1867a2e7f98d300cfdc82add365dd91f14708543b120e5bf69075b2a6b9e20a1
0,0.234079,,2023-10-27 00:00:00,02:56:52,0.0,,,,,,0.0,0.0,0.0,0.0,0.0,0.0,0.0404040404040404,,0.015191,0.0005000416701391,02ba0f6dc2b8d8ec47db9c4c3d5c6b7acefaa2d16e04efe5ddaf5879cc114b3c
0,0.344095,,2023-11-16 00:00:00,13:04:34,0.0,,,,,,0.0,0.0,0.0,0.0,0.0,0.0,0.0,,0.012999,0.0005000416701391,1edc20dc8e0f26ba05a4397f6ee5072f2739dfb5df788fcf370fed952df39b68
0,0.255458,,2023-11-03 00:00:00,21:51:31,0.0,,,,,,0.0,0.0,0.0,0.0,0.0,0.0,0.0404040404040404,,0.056879,0.0010834236186348,15b351f9fe08f94c6e7af029e9b563f41ba3f5bbffd1b152fb1de37aef4a9232
0,0.089185,,2024-01-13 00:00:00,12:09:46,0.0,,,,,,0.0,0.0,0.0,0.0,0.3333333333333333,0.0,0.0909090909090909,,0.023698,0.0005833819484957,f05e099d90e1d6e465fbbfb6dac40c5bd12f0afc2397cd095214f1158ae40a09
0,0.140829,,2023-10-18 00:00:00,23:10:17,0.0,,,,,,0.0,0.0,0.0,0.0,0.3333333333333333,0.8370967741935484,0.0101010101010101,,0.0345,0.0004917076423035,ff76cf522da0210152c9e99b14edb555a3ef5eb9d0fcb43eddb1c6236e86f92b
1,0.079078,,2024-02-09 00:00:00,17:59:42,0.0,,,,,,0.0220549816793817,0.08,0.0203065250545362,0.75,0.3333333333333333,0.7403225806451613,0.0909090909090909,,0.014586,0.0005000416701391,7ec259ba4af9a7a1476529b5abe5eaf69c06e48947b19b1697f1bd39d8fe7492
1,0.122107,,2024-01-09 00:00:00,12:02:47,0.0,,,,,,0.0265249318782173,0.109090909090909,0.0244221102327384,1.0,0.3333333333333333,0.8370967741935484,0.0505050505050505,,0.025,0.0003333611134261,e898b265704696d2cbabfc27d96255d4839ed5d12ce26e171b5dacc973a91b9f
0,0.287385,,2023-10-21 00:00:00,20:45:48,0.0,,,,,,0.0,0.0,,0.0,0.0,0.0,0.005050505050505,,0.011029,0.0003500291690974,a6236bbd902ef4dc1965b4655b617ed2bf4870142d5102165aed9c73b38708b6
1,0.155601,,2023-12-29 00:00:00,02:33:48,0.0,,,,,,0.0133684937933981,0.0763636363636363,0.0104735259114666,0.75,0.3333333333333333,0.9338709677419356,0.494949494949495,,0.045,0.0006667222268522,4f764c1297daf5d05adf45c8a47827abf91c6de71df1fe7256d1417ccc2d4651
0,,,2023-11-15 00:00:00,04:01:34,,,,,,,,,,,,,,,,0.0004167013917826,32a114375eeb86463a1037f596cfcc30dd9941a028529c5c8d1c0fbe4516f86d
0,,,2024-01-05 00:00:00,03:44:02,,,,,,,,,,,,,0.0404040404040404,,,0.0007500625052087,aa00f80e3f19e2353bc728fb0862cfca4dd081b125d3a34ff129f89902f8bbdc
0,0.235988,,2023-11-08 00:00:00,00:01:10,0.0,,,,,,0.0,0.0,0.0,0.0,0.0,0.0,0.0,,0.012525,0.001583465288774,4d61a231903ba857e58a54256fbb478940b8448c1519977fa8168db1e80576cc
0,0.07846,,2023-10-20 00:00:00,21:16:38,0.0,,,,,,0.0,0.0,0.0,0.0,0.3333333333333333,0.6435483870967742,0.0202020202020202,,0.014193,0.0005833819484957,7f97260e611a8e7ab273d4fd5d5acde488ee289eedd5c9a4a0a300278f7007c0
1,0.078426,,2023-10-17 00:00:00,18:49:13,0.0,,,,,,0.0263545299695377,0.1018181818181818,0.0263545299695377,1.0,0.3333333333333333,0.6435483870967742,0.0469696969696969,,0.024324,0.0009167430619218,1574eb9b70669fa4b9f853c534f872ca79017a1e39daca355d240b3283610449
1,0.089037,,2023-12-06 00:00:00,21:28:47,0.0,,,,,,0.0186127888748566,0.0454545454545454,0.0171372195686478,0.75,0.3333333333333333,0.9677419354838708,0.0505050505050505,,0.012534,0.0002500208350695,3721351937c9bc79f489184a020ffe39ccd1a3ee3d64383211f075ae51466768
1,0.188213,,2023-11-03 00:00:00,13:03:37,0.0,,,,,,0.0630227189922542,0.0181818181818181,0.0630227189922542,0.5,0.3333333333333333,0.8370967741935484,0.0,,0.0386,0.0005600466705558,6d69d40a9329b474f838347039ce3f3850bf58e5db287f497858807ecfeabf86
0,0.303917,,2023-11-05 00:00:00,18:47:01,0.0714285714285714,,,,,,0.0,0.0,0.0,0.0,0.0,0.0,0.1414141414141414,,0.04238111,0.0009167430619218,1c152aee858420c69b2124cb8bcf72b99128bf65b5a1e9c5a9a56e7d5ffd1274
1,0.076981,,2023-10-05 00:00:00,22:51:14,0.0,,,,,,0.0173074879796117,0.0418181818181818,0.0173074879796117,0.5,0.3333333333333333,0.6435483870967742,0.0404040404040404,,0.011655,0.0010834236186348,cf9c81848ba1d05a9052f4c785855c44c6e77b4cb58614f3accef23d7769d56d
0,0.102122,,2023-10-21 00:00:00,16:09:05,0.0,,,,,,0.0,0.0,0.0,0.0,0.3333333333333333,0.7403225806451613,0.2929292929292929,,0.14,0.0022501875156263,59ee5db078933aa98e94680c768d93b8d0adcf2ed39b9678e89105f166a83ece
0,0.257149,,2023-12-09 00:00:00,14:57:55,0.0,,,,,,0.0,0.0,0.0,0.0,0.0,0.0,0.0505050505050505,,0.02415,0.0003191932661055,03093e8c90e8f1168e760078ab255d6a42018a258f99fe9e21543c2b1e03f6c4
0,0.276663,,2023-10-31 00:00:00,16:07:29,0.0714285714285714,,,,,,0.0,0.0,0.0,0.0,0.0,0.0,0.0,,0.017744,0.0005000416701391,e14a8ec04f4e0bcb268df632076ce6c746d54b3fa34888f6302626539d776f35
0,0.166449,,2024-01-22 00:00:00,14:07:29,0.0714285714285714,,,,,,0.0,0.0,0.0494457458962434,1.0,0.3333333333333333,0.0,0.1919191919191919,,0.06,0.0002500208350695,4aeae80756e2096b954a1ac2dbebe71709c56a1dc697dcf61d38294f604b473f
0,,,2023-10-26 00:00:00,03:01:37,,,,,,,,,,,,,,,,0.0005000416701391,70c26c2c42a21773b33f4a6cbaaa945ecd17b2fd24528261b54dc2da9354390a
1,0.152322,,2023-11-13 00:00:00,23:21:08,0.0,,,,,,0.0087534606622924,0.049090909090909,0.0068578852994492,0.75,0.3333333333333333,0.9838709677419356,0.0909090909090909,,0.018269,0.001583465288774,72c3538b8fd2c2df9b9d01d07b51d4a49b2420f715119780158844c1c732cdcb
1,0.090586,,2023-10-19 00:00:00,18:07:12,0.0,,,,,,0.0076486326007882,0.0472727272727272,0.0063996682311466,0.75,0.3333333333333333,0.7403225806451613,0.0202020202020202,,0.011655,0.00028752396033,065b62649e7aae6be64b319c5d919e535d4dcf01dfe5ed64c123d8051671187e
0,0.313346,,2023-10-19 00:00:00,20:25:35,0.0,,,,,,0.0,0.0,,0.0,0.0,0.0,0.1919191919191919,,0.045,0.0006667222268522,c328be59cf4d0a06ef6363da9ab989f62726432e88714ba572ef60214114a74d
0,0.164757,,2023-10-24 00:00:00,18:16:15,0.0,,,,,,0.0,0.0,0.0186573383934656,1.0,0.3333333333333333,0.8370967741935484,0.2424242424242424,,0.015635,0.001583465288774,d7ffa84301529e013a80c7e0dd9878b9d2b23425d8a8113a1bf3ccab02c18e18
0,0.104938,,2024-03-01 00:00:00,16:24:27,0.0,,,,,,0.0,0.0,0.091411493323031,1.0,0.3333333333333333,0.0,0.0909090909090909,,0.08,0.0012501041753479,1a26e46272fa0de7baba699f5bedb94f6931f857d45b28ad747994b23e0010fb
0,0.152437,,2023-11-15 00:00:00,23:39:03,0.0,,,,,,0.0,0.0,0.0,0.0,0.3333333333333333,0.0,0.0303030303030303,,0.013375,0.0005833819484957,0163303c159edaa196786d428a151dff075868a4df3b67d436b692bdad93b964
1,0.088546,,2023-12-01 00:00:00,01:08:56,0.0,,,,,,0.0197859261982279,0.049090909090909,0.0182173538800593,0.75,0.3333333333333333,0.9677419354838708,0.2929292929292929,,0.013324,0.0012501041753479,2ebf4e397273ba33c60624d0ddb03e8d617c449266c170869442fcdcbd51dd7c
0,,,2024-02-17 00:00:00,02:52:08,,,,,,,,,,,,,0.0,,,0.0007500625052087,8b4d1baa76abcf332a50b2f64206c0ca91523a43a5c0569b8bab0572f5fd2b92
0,0.188108,,2023-10-24 00:00:00,07:11:23,0.0,,,,,,0.0,0.0,0.0,0.0,0.3333333333333333,0.8370967741935484,0.2929292929292929,,0.05283,0.0040836736394699,019a10cc88fa09ed75dd637750c9f3c847f1a949716be0a6ff9f5eea2889019d
0,0.126454,,2024-03-01 00:00:00,11:58:31,0.0,,,,,,0.0,0.0,0.0,0.0,0.3333333333333333,0.0,0.494949494949495,,0.023121,0.0017218101508459,903fe01ce5a969b33bc0916da56ed0c34e981fc18c71281a962dff6a70e6edb5
0,0.202077,,2023-11-11 00:00:00,18:27:29,0.0,,,,,,0.0,0.0,0.0,0.0,0.3333333333333333,0.0,0.0909090909090909,,0.036,0.0005167097258104,82bdeca778286b2bfece24d44c39d3a4056c616a6600cbe3407ed7b7383b653f
0,0.334237,,2023-11-18 00:00:00,16:44:58,0.0,,,,,,0.0,0.0,0.0,0.0,0.0,0.0,0.0,,0.0335,0.0004750395866322,8dc55f1082090ac5d8da1ea4ec6935657f2bfd6a1b57e74db0b2e8fc465af4e9
0,0.375454,,2023-11-17 00:00:00,17:21:40,0.8571428571428571,,,,,,0.0,0.0,0.0,0.0,0.0,0.0,0.0202020202020202,,0.085818,0.0020001666805567,a7bc4082a3f631e2345b6e13b3d36d54df831ae2f63fdab5484c02e7d38c1b2d
1,0.159227,,2023-11-11 00:00:00,17:24:16,0.0,,,,,,0.0729941820556172,0.0181818181818181,0.0672074095683095,0.5,0.3333333333333333,0.9677419354838708,0.0,,0.03932389,0.0009167430619218,68d865287645132fc71c73f3b29e42824e71b943a818bcb4d6491c6e20c8c3b6
1,0.109074,,2023-10-17 00:00:00,23:41:45,0.0,,,,,,0.015621882693841,0.0545454545454545,0.015621882693841,0.75,0.3333333333333333,0.7403225806451613,0.0202020202020202,,0.017463,0.0004167013917826,561b09bc97b00701bfea10a25897c5d44509c8ece1c803d5b30ddfa79baa6107
0,,,2023-11-16 00:00:00,07:19:42,,,,,,,,,,,,,,,,0.0007500625052087,83d831191a38d03f88305dcf29fdf70657e25fe480ae59b0bbb88ed2afc65b36
0,0.129836,,2023-12-08 00:00:00,11:51:33,0.0,,,,,,0.0,0.0,0.0,0.0,0.3333333333333333,0.0,0.4747474747474747,,0.04010723,0.0010000833402783,06a87bf4fabae76addf686c0a658adec0181f8fc5ba614d42b6fce4edb49b402
0,0.34905,,2023-10-31 00:00:00,16:24:31,0.0,,,,,,0.0,0.0,0.0,0.0,0.0,0.0,0.0404040404040404,,0.075,0.001416784732061,a7f25345046e0cc313ad1f5c9e04cc4fe508cfcc8b3e395898eb5f15471539c5
1,0.11265,,2023-11-08 00:00:00,11:39:10,0.0,,,,,,0.0519744383772125,0.0545454545454545,0.0519744383772124,0.75,0.3333333333333333,0.7403225806451613,0.0202020202020202,,0.035,0.0005000416701391,e9b4529b41373bca355aca49e9ceb05dee7c1511628a122edf92a24e1b500076
0,,,2023-11-05 00:00:00,03:56:16,,,,,,,,,,,,,,,,0.0002500208350695,14ffa5ee46da305d5b76163d5cd9411fee838293abfedb7f7507858296b12c4f
1,0.180736,,2023-11-06 00:00:00,18:55:20,0.0,,,,,,0.0190107645744307,0.0345454545454545,0.0190107645744306,0.5,0.3333333333333333,0.8370967741935484,0.0151515151515151,,0.012802,0.0005833819484957,de86e9e049ceed423226863f22b4fe4980f478e312422b8190c02a2ae9b43f48
0,0.195385,,2023-10-19 00:00:00,17:50:57,0.0,,,,,,0.0,0.0,0.0,0.0,0.3333333333333333,0.8370967741935484,0.2424242424242424,,0.014586,0.00038336528044,8e5bd5a8fd8d5e7af1f3c2f93f1c603f5c0344a2e1ffa07153d20f725b726a8f
1,0.081128,,2023-11-21 00:00:00,12:32:45,0.0,,,,,,0.1310482100336217,0.1818181818181818,0.0,1.0,0.3333333333333333,0.7403225806451613,0.0909090909090909,,0.105131,0.0029169097424785,ffd46e9ef13f23ac0f1ebb302e45d887419570e942575a0af0d6cbb8b8b62694
0,0.142517,,2023-10-28 00:00:00,11:29:48,0.0,,,,,,0.0,0.0,0.0,0.0,0.3333333333333333,0.8370967741935484,1.0,,0.3,0.0049170764230352,c6f4baa018cab9346410abb45a699585e5a31b73e616495facdb1145ac44e28d
0,0.183039,,2023-11-23 00:00:00,05:17:41,0.0,,,,,,0.0,0.0,0.0,0.0,0.3333333333333333,0.0,0.0404040404040404,,0.011368,0.001416784732061,a9eb8aa51132c99c6425172f09eaafb67be30dff6f044f54b07a89d01a2360fc
0,,,2023-11-13 00:00:00,17:16:32,,,,,,,,,,,,,,,,0.0006667222268522,f4e79b7141b333855b6d62dca79dbf3c7ca0a9d2ec348032732610fcc9c254dc
0,0.341636,,2023-10-20 00:00:00,16:04:31,0.0,,,,,,0.0,0.0,,0.0,0.0,0.0,0.0909090909090909,,0.014586,0.0002713559463288,545a5bc0a530c4d47b94e5ffa19c467cd8974f331a51cec5a3bc7e21ed814ece
0,0.475047,,2023-10-31 00:00:00,21:16:40,0.0,,,,,,0.0,0.0,0.0,0.0,0.0,0.0,0.2424242424242424,,0.055,0.0008334027835652,3b9892df237d3f31654b9a4122618520e70ea048ad26b8433617141b8f89942b
0,,,2023-11-02 00:00:00,18:44:44,,,,,,,,,,,,,,,,0.0006667222268522,966254040a89a80835d6217581eb1a154fe3a4474badd7d141a487e20dcddbe6
0,0.309385,,2023-11-01 00:00:00,15:50:00,0.0,,,,,,0.0,0.0,0.0,0.0,0.0,0.0,0.0404040404040404,,0.04,0.0005833819484957,bf7592f3f92e15b0cadbd6b07d127a4dddf4eae645b29be9bec2ecf40732e13d
0,0.09843,,2023-10-19 00:00:00,15:01:47,0.0,,,,,,0.0,0.0,0.0,0.0,0.3333333333333333,0.7403225806451613,0.5959595959595959,,0.15466153,0.0024168680723393,c33078796f83013e945d577f75d9bb926e5056f9f4c5efa7f206dd16ddb21ba8
0,0.272285,,2023-10-27 00:00:00,02:07:10,0.0714285714285714,,,,,,0.0,0.0,0.0,0.0,0.0,0.0,0.0909090909090909,,0.005728,0.0010000833402783,b8d5203e01240d0a04ae0425afe602573c7acefcbd4cfc458feb878d03787e86
0,,,2023-11-08 00:00:00,18:57:51,,,,,,,,,,,,,,,,0.0010834236186348,6642209aa91c826b1d5cbe55b176250c59ddf243b11c56f7cfdb2eec3d128204
0,0.227662,,2024-03-02 00:00:00,01:45:23,0.0,,,,,,0.0,0.0,0.0,0.0,0.0,0.0,0.0303030303030303,,0.018757,0.0007000583381948,98ba77ecc5d81226d2bc7b0cab999089fcf651d7a139329d31203281dfd9c196
0,,,2023-12-10 00:00:00,20:03:23,,,,,,,,,,,,,0.0909090909090909,,,0.0009167430619218,af72c37505ba666076c178ee37f080fdf78c3e84673905433345ede6170b1791
1,0.121849,,2023-12-18 00:00:00,22:59:45,0.0,,,,,,0.0157452848603881,0.0381818181818181,0.0144970431694888,0.5,0.3333333333333333,0.9677419354838708,0.0202020202020202,,0.010603,0.0003333611134261,79aab4f0dc6f6f9e9f550b0c8995c080ecc61162c4818b07510298e270bd6d6e
0,0.249539,,2024-01-19 00:00:00,17:53:04,0.0,,,,,,0.0,0.0,0.0,0.0,0.0,0.0,0.0707070707070707,,0.04915152,0.0013334444537044,906ddc1c094a1b86095a3d71dd2885075b2c8e7c18bfe36b64e0a92d874e7533
1,0.094742,,2023-12-30 00:00:00,01:24:18,0.0,,,,,,0.0683944256969345,0.4545454545454545,0.0629723088958083,1.0,0.3333333333333333,0.7403225806451613,0.5454545454545454,,0.04,0.0005833819484957,6901ede70a81e671dc39d41dd0dee02597816feb815322bb1c505cb50b726777
1,0.064264,,2024-02-20 00:00:00,20:24:31,0.0,,,,,,0.0538291833353021,0.1309090909090909,0.0495617577903234,1.0,0.3333333333333333,0.7403225806451613,0.1515151515151515,,0.024166,0.0011667638969914,fc59014f990a9a094b812f56e4a05c0b4baf1b03b18307c24d6c5e3e5f32b0df
1,0.133665,,2023-12-21 00:00:00,18:43:52,0.0,,,,,,0.0220297369521699,0.0363636363636363,0.0202832816579615,0.5,0.3333333333333333,0.9677419354838708,0.0101010101010101,,0.014835,0.0006667222268522,40c5d0b8fc4390027e230eafc90fee0d69cb7662dff1ecad6c7ec41a7f4224a9
0,0.21092,,2023-10-26 00:00:00,18:16:46,0.0,,,,,,0.0,0.0,0.0,0.0,0.0,0.0,0.0252525252525252,,0.012165,0.0002833569464122,8bd7a7daabfa252280c2f24ee133838a2d9c05be06f492c7d02051c974de6c1e
0,,,2024-02-27 00:00:00,16:43:48,,,,,,,,,,,,,0.0404040404040404,,,0.0002500208350695,2300788b218f35e121b90132e6cc309154dd86446e399222ef390576f23e6a86
0,,,2023-12-21 00:00:00,11:58:08,,,,,,,,,,,,,0.0,,,0.0005833819484957,8958e8f119be21dfa72fca3fcc8c5077759e85e853bbe4e4976452322ae05cb4
1,0.062666,,2024-02-03 00:00:00,18:36:32,0.0,,,,,,0.0648211088093034,0.3636363636363636,0.0596822744735937,1.0,0.3333333333333333,0.6596774193548387,0.1919191919191919,,0.068116,0.0020835069589132,79a31b10caf7393a813d03dc0bbdca8230b549ab02ae82f590b24d7ba7699665
1,0.150463,,2023-12-08 00:00:00,17:22:50,0.0,,,,,,0.0213782002425127,0.0636363636363636,0.0196833969375415,0.75,0.3333333333333333,0.9677419354838708,0.0909090909090909,,0.011517,0.0002500208350695,9e128737ad78946969ffe505b3aed6dbd226a9087db03b9f63473b8000085637
0,0.345512,,2023-11-09 00:00:00,20:20:15,0.0,,,,,,0.0,0.0,0.0,0.0,0.0,0.0,0.0404040404040404,,0.014808,0.0003666972247687,8d86a5b15fe7f40de1dc7e34fc3cd1f306c7f9d7cbf2b028bb354fa5afbe939f
0,0.113184,,2024-02-02 00:00:00,03:48:13,0.0,,,,,,0.0,0.0,0.0,0.0,0.3333333333333333,0.0,0.0,,0.017951,0.00038336528044,5b95a07fd86632611824e949ed8fe076091d771b75305b59d199ab6fa8e5ff7f
0,,,2023-10-24 00:00:00,19:22:29,,,,,,,,,,,,,,,,0.0007000583381948,fbc28f2203cfe17ef5ab22bf5c8b7d103f54564b4dc0e9300a6c10c29d28346f
1,0.143387,,2023-12-11 00:00:00,05:03:21,0.0,,,,,,0.0221331660845405,0.0563636363636363,0.0203785112209866,0.75,0.3333333333333333,0.9677419354838708,0.0707070707070707,,0.02044009,0.0004000333361113,6ca82f3d5326bcc51b598780c6e31c170935a3c760cd9c2f72df28e8c4cac55e
1,0.161219,,2023-11-02 00:00:00,18:50:21,0.0714285714285714,,,,,,0.033263640561416,0.0181818181818181,0.033263640561416,0.5,0.3333333333333333,0.8370967741935484,0.0,,0.0224,0.0002900241686807,033bef5be078c41f8527341bd360db2d653b565aed837d917c8ab3dc6681a80e
0,0.182251,,2023-11-30 00:00:00,02:04:11,0.0,,,,,,0.0,0.0,0.0,0.0,0.3333333333333333,0.0,0.0202020202020202,,0.011368,0.0004167013917826,34edd62d3164cf79291b40fb62ba3b668afe053b782b7050b23a474f76c208ce
1,0.111199,,2024-01-11 00:00:00,00:26:35,0.0,,,,,,0.1187987162907714,0.2909090909090909,0.1093806897631901,1.0,0.3333333333333333,0.7403225806451613,0.1919191919191919,,0.08,0.0012501041753479,f960c63d5854180b83ac14a7c87aae860819253b32db0f4e1eb138b946a67eb0
1,0.122681,,2024-01-12 00:00:00,17:38:14,0.0,,,,,,0.0551905423747967,0.1818181818181818,0.0508151921320785,1.0,0.3333333333333333,0.8370967741935484,0.1414141414141414,,0.04796296,0.0010834236186348,5f78249221ff40aecc7e2200df5ef4a33e57556315f36f9c33efc05946404687
1,0.112899,,2024-01-24 00:00:00,20:15:21,0.0,,,,,,0.0251081086880545,0.0618181818181818,0.0231176087814502,0.75,0.3333333333333333,0.9677419354838708,0.1414141414141414,,0.011272,0.0005833819484957,19cdb71a19c1828369a4ef2e915393187c87b434742e3918bec5b9205e893241
0,0.04926,,2024-01-06 00:00:00,23:31:31,0.0,,,,,,0.0,0.0,0.0,0.0,0.3333333333333333,0.0,0.0909090909090909,,0.08,0.0012501041753479,0e4df3a22357d000f93432abddc96bc659b249d526f840b9203838d434f96267
1,0.174281,,2023-10-18 00:00:00,19:08:02,0.0,,,,,,0.0167854418707115,0.0272727272727272,0.0167854418707115,0.5,0.3333333333333333,0.8370967741935484,0.005050505050505,,0.013523,0.0004167013917826,f8f17eb750791468e5c328ee58ed92805f79e97319f1167d41e6c6c56dad488c
0,,,2023-10-27 00:00:00,13:59:40,,,,,,,,,,,,,,,,0.0004167013917826,bf531248e8017cef3cf59b5cd6591f7b866566acda740cde8505cab7daa9c2b7
0,,,2023-11-05 00:00:00,21:34:55,,,,,,,,,,,,,,,,0.0005833819484957,5b4ebe44028f1f6a58ae22a87222914276274b3464e6c7cfaed0286e2b962b21
0,0.230136,,2023-11-21 00:00:00,17:03:26,0.0,,,,,,0.0,0.0,0.0,0.0,0.0,0.0,0.0303030303030303,,0.021064326667,0.0005833819484957,27fffe63296d193bfe2f77dbdfd04bf6849ff071a2841d86746791209455d9f4
0,0.243106,,2023-11-10 00:00:00,09:16:19,0.0,,,,,,0.0,0.0,0.0,0.0,0.0,0.0,0.0404040404040404,,0.043565,0.001416784732061,0f0b9d86bb4b8b0c6f46281cbe22110e8c44eddfe960ed4973a281782b71e46f
1,0.059307,,2024-01-17 00:00:00,23:55:37,0.0,,,,,,0.1781980744361571,0.4363636363636363,0.1640710346447851,1.0,0.3333333333333333,0.6435483870967742,0.3939393939393939,,0.12,0.0019168264022001,35af686407e185886417c435a0494dcb0439c6ababde948b4ab3d78bf502dfc0
1,0.113533,,2023-10-19 00:00:00,00:56:48,0.0,,,,,,0.0304273212099738,0.0727272727272727,0.0304273212099738,0.75,0.3333333333333333,0.7403225806451613,0.0909090909090909,,0.02,0.0002500208350695,ab8bf5a0792b1aeb7cce32dc84622ea4d68e6c5935011fef52f4c688457a7b8f
0,0.283291,,2023-12-11 00:00:00,21:48:48,0.0,,,,,,0.0,0.0,0.0,0.0,0.0,0.0,0.0,,0.014998,0.0003533627802316,ee7381ac3ddbe730824e35ce6ad232b4ae7e5e71135c2876b553cd3b58491ec0
1,0.151823,,2024-02-07 00:00:00,17:43:57,0.0,,,,,,0.1274932973393023,0.2727272727272727,0.1173859889952335,1.0,0.3333333333333333,0.8370967741935484,0.1414141414141414,,0.09,0.001416784732061,543689fb9115ee186a463c6a37fb9bc6f600f8b2d7d53dfc6772fe8f323d2846
1,0.144803,,2023-11-04 00:00:00,02:08:29,0.0,,,,,,0.067925616262772,0.109090909090909,0.067925616262772,1.0,0.3333333333333333,0.8370967741935484,0.0909090909090909,,0.04,0.0005833819484957,9840743560563aa63db82cad74e70ed700bf43e7833494f37ccc57ce705b3bea
0,0.30071,,2023-11-05 00:00:00,05:21:30,0.2142857142857142,,,,,,0.0,0.0,0.0,0.0,0.0,0.0,0.1414141414141414,,0.018307,0.0005833819484957,d2fd5f0378287a4bb26e20301a584dd58eb6a1ed3e89154540efbfc0a67da115
1,0.127675,,2023-12-05 00:00:00,16:51:01,0.0,,,,,,0.0490326109158646,0.0363636363636363,0.0451454440782035,0.5,0.3333333333333333,0.9677419354838708,0.0101010101010101,,0.04,0.0005833819484957,30a597fffb5d5df99edc2463ae0f2a767fa15c675115fa3f7aaaf35dd786a668
0,0.216527,,2023-10-20 00:00:00,14:20:18,0.0,,,,,,0.0,0.0,,0.0,0.0,0.0,0.1414141414141414,,0.057457,0.0017501458454871,0304740f337840d3e2c28b48edd0ff4ab680ea0f802884d1bdce26ae83f14953
0,0.28714,,2023-11-04 00:00:00,15:14:53,0.0,,,,,,0.0,0.0,0.0,0.0,0.0,0.0,0.0909090909090909,,0.011272,0.0003333611134261,9e95c2d1e358352b727d4b6f706ed329c1e68ab2d84e979c114631bf4d8c64e6
1,0.128713,,2023-12-01 00:00:00,23:17:55,0.0,,,,,,0.0209234239067121,0.0509090909090909,0.0192646739845418,0.75,0.3333333333333333,0.9677419354838708,0.0404040404040404,,0.011272,0.0004167013917826,2c9450bd3a55a56ea875fe5732299cf69454207283f0117d25a6e25af79b1e15
0,0.210521,,2023-10-31 00:00:00,11:42:10,0.0,,,,,,0.0,0.0,0.0,0.0,0.0,0.0,0.0909090909090909,,0.110901,0.0032502708559046,73b0b8f3b38bd88e173840c0704270e68811166d76b8b15066ffd16fa56ac7dd
0,0.287674,,2023-12-22 00:00:00,15:44:44,0.1428571428571428,,,,,,0.0,0.0,0.0,0.0,0.0,0.0,0.0909090909090909,,0.085,0.0010834236186348,213908dcd316c233f1b70da9f45fa15b85bc7f07c2571a533057b5b46a116fb7
1,0.129169,,2023-10-25 00:00:00,20:30:29,0.0,,,,,,0.0466299811280814,0.2727272727272727,0.0466299811280814,1.0,0.3333333333333333,0.8370967741935484,0.3131313131313131,,0.035035,0.001416784732061,58b04c1059b641f2cea60fabfef9c654bdb1ec1cdce5385d358d34f2be4d3823
0,0.098452,,2023-11-10 00:00:00,22:01:48,0.0,,,,,,0.0,0.0,0.0,0.0,0.3333333333333333,0.0,0.1919191919191919,,0.044131,0.0040836736394699,ef1098858ac180f69272c123c4fce7f61208f4645c2ed0e34e21a22d3a9cde9d
0,0.243912,,2023-11-02 00:00:00,19:33:20,0.0,,,,,,0.0,0.0,0.0,0.0,0.0,0.0,0.0909090909090909,,0.02642889,0.0007500625052087,9ae85fa5ed271e03c3db3759bf6bebe890b30c633e79c545f1e05ad7463fe3a4
0,0.092731,,2024-01-01 00:00:00,18:47:09,0.0,,,,,,0.0,0.0,0.0,0.0,0.3333333333333333,0.0,0.0404040404040404,,0.05,0.0007500625052087,1df2fe9bf04a3775fbbdecea078ec83dc6a7f93c822bd6ec49a158a486c588ce
0,0.078955,,2023-11-01 00:00:00,15:39:53,0.0,,,,,,0.0,0.0,0.0,1.0,0.3333333333333333,0.6435483870967742,0.3939393939393939,,0.2,0.0032502708559046,183c67809f6d7bbb6d93fafb0c0f021fde82e1251b088592c734e84e7de547f3
1,0.097561,,2023-10-26 00:00:00,00:42:00,0.0,,,,,,0.028067755956846,0.0454545454545454,0.028067755956846,0.5,0.3333333333333333,0.7403225806451613,0.0151515151515151,,0.018164,0.0007500625052087,868237fc3e20316da7554234ffa103af7b23a1340a56395ddcaa4eb392ac341b
1,0.175384,,2023-12-29 00:00:00,16:28:05,0.0,,,,,,0.0392223911226471,0.0181818181818181,0.0361129507885939,0.5,0.3333333333333333,0.9677419354838708,0.0,,0.02641267,0.0006667222268522,8ace9afcc2fd662c101cb152fb33a46af85614f72f3c43600ae72c92ce5523b5
0,0.227602,,2023-11-16 00:00:00,01:11:44,0.0,,,,,,0.0,0.0,0.0,0.0,0.0,0.0,0.1414141414141414,,0.025366,0.0004500375031252,c799c7deaf4b60542b5f0110a7cec760ab1177d2a557a7ad866f3d23f70496bd
0,0.16148,,2023-10-19 00:00:00,14:13:09,0.0,,,,,,0.0,0.0,0.0181623189925215,1.0,0.3333333333333333,0.8370967741935484,0.1414141414141414,,0.05,0.0007500625052087,9164d111e973828eb6e5bcaeb86d8eb5207ea966e07a4634c40c8da80b423394
0,0.174694,,2023-10-18 00:00:00,20:57:12,0.0,,,,,,0.0,0.0,0.0,0.0,0.3333333333333333,0.8370967741935484,0.0101010101010101,,0.09417294,0.0040836736394699,b5afb18882528b0a3213f0f2cb08a24e2513d115992ad14dc0833e0e3074930d
1,0.19532,,2023-12-26 00:00:00,14:10:59,0.0,,,,,,0.0058900403536964,0.0254545454545454,0.0035164746695337,0.5,0.3333333333333333,1.0,0.0909090909090909,,0.013854,0.0007500625052087,7d08e6d17893c5f991b53aa38c180584d10f9f4967918607a250002d7c6fd1fa
1,0.15266,,2023-10-06 00:00:00,00:37:47,0.0714285714285714,,,,,,0.0157846369351594,0.0909090909090909,0.0157846369351594,0.75,0.3333333333333333,0.7403225806451613,0.0404040404040404,,0.012918,0.0005000416701391,717339f1b04b9f230aa4fea3241b71c62564e7bf8d9ec6d874945780a9605129
1,0.10781,,2024-01-31 00:00:00,15:51:30,0.0,,,,,,0.0389184594568567,0.0945454545454545,0.035833113966421,1.0,0.3333333333333333,0.8693548387096774,0.0909090909090909,,0.017472,0.0011667638969914,774912caf14a603da507d155d3a8cb1a4edb9b66fd8ecbeed757556956b3cc50
0,0.16128,,2023-11-17 00:00:00,17:56:22,0.0,,,,,,0.0,0.0,0.0,0.0,0.3333333333333333,0.0,0.494949494949495,,0.02752,0.0040836736394699,6a3019c35da9c63fc52743198e4ea842d9954e8d256fdfdba1b01e0716864816
1,0.13809,,2023-11-10 00:00:00,23:12:21,0.0,,,,,,0.0290128739941368,0.0181818181818181,0.026712815328104,0.5,0.3333333333333333,0.9838709677419356,0.0,,0.019707,0.0003333611134261,32aee792864026ee5954d9d3a873c105026a92af8012b21e3af85c96f3743794
0,0.18459,,2023-12-04 00:00:00,14:51:32,0.0714285714285714,,,,,,0.0,0.0,0.1130035320247419,1.0,0.3333333333333333,0.0,0.0606060606060606,,0.06611977,0.0012501041753479,f9896baabdc79b015ddc41b42737a1d704e6f53b510f546ba0f99728d002b6e4
0,,,2023-10-25 00:00:00,12:48:04,,,,,,,,,,,,,,,,0.0012501041753479,4be09ce4e9d7b4f37ca10424d8da820389631b45bd05cda2efc3dce5a63eaf88
0,0.226403,,2023-11-28 00:00:00,22:01:31,0.0,,,,,,0.0,0.0,0.0,0.0,0.0,0.0,0.1414141414141414,,0.0156,0.0005833819484957,363ce33d09397923e3ed0742c301a74d749dd0ffaa6970cf425eeb4deebaa97b
0,0.125535,,2024-03-01 00:00:00,13:02:41,0.0,,,,,,0.0,0.0,0.0,0.0,0.3333333333333333,0.0,0.0202020202020202,,0.045,0.0006667222268522,f951acacae4b2876fd78094c50c26a2b35e9a588749d14528b49a9cf8faed68d
0,0.268065,,2023-10-29 00:00:00,23:47:53,0.0,,,,,,0.0,0.0,0.0,0.0,0.0,0.0,0.0404040404040404,,0.014193,0.0010834236186348,37185cc30e21a0b36f6f8aaee4d31ab6c1fcc89b13b30857e671b9bf095dfc05
0,0.227608,,2023-12-26 00:00:00,19:11:58,0.0,,,,,,0.0,0.0,0.0,0.0,0.0,0.0,0.0202020202020202,,0.024837,0.0004167013917826,4b1addc16d3b706cf7897e4b5130c376f5fc1a6123c46190fe0f507ea6f87185
1,0.151379,,2023-12-28 00:00:00,13:19:26,0.0,,,,,,0.0229917838065321,0.1,0.0211690601562501,1.0,0.3333333333333333,0.9338709677419356,0.0909090909090909,,0.015988,0.0003596133011084,efe3e3e85e613a7cb7a7b931d23f8c3f6b1c60167d2ccb3d1b718f4dfec58a8b
1,0.0814,,2023-12-09 00:00:00,20:47:53,0.0,,,,,,0.0170372209000502,0.0181818181818181,0.0156865581706635,0.5,0.3333333333333333,0.9677419354838708,0.0,,0.011473,0.0002833569464122,2ebee3603044ccb3512147e30bd722a8fce53f6983e3dbe208b76479b5f62980
0,0.132659,,2024-01-16 00:00:00,03:27:54,0.0,,,,,,0.0,0.0,0.0,0.0,0.3333333333333333,0.0,0.0,,0.022,0.0002833569464122,15d8f64d1af84d2c6a82955add799ecccebebdcf49de12cd91c7c6579d65070f
0,0.144446,,2023-11-02 00:00:00,23:18:31,0.0714285714285714,,,,,,0.0,0.0,0.0,0.0,0.3333333333333333,0.8370967741935484,0.0757575757575757,,0.035,0.0005000416701391,80cb4cfd6e71c6711e0d5de95d1a08a3e90cfc59922ce398a7f53d6e8e79ef42
0,0.375273,,2023-10-21 00:00:00,00:48:31,0.0,,,,,,0.0,0.0,,0.0,0.0,0.0,0.0404040404040404,,0.04,0.0005833819484957,2a8b94630102bce37b501903143e8f9619e2bb636a907ac2aac8e71d02041913
0,0.110608,,2023-12-02 00:00:00,23:27:08,0.0,,,,,,0.0,0.0,0.0768963339768002,1.0,0.3333333333333333,0.0,0.1919191919191919,,0.19,0.0030835902991915,8418c150cd893f061fe208fc5de1ecec4fdb61c41bbb6a172d2db73a20aff7e3
1,0.054183,,2023-10-07 00:00:00,23:58:59,0.0,,,,,,0.0247487425712749,0.0272727272727272,0.0247487425712749,0.5,0.3333333333333333,0.6435483870967742,0.005050505050505,,0.016666,0.0002500208350695,55feb8dadfa615cab597746afc3a195d83537d0d10bcb3cb9b0c5e21d80d41d9
0,,,2023-12-01 00:00:00,15:23:03,,,,,,,,,,,,,0.0909090909090909,,,0.0005833819484957,005e03bed28e69480a1541aee4a739a3dee68cd7673599204430713cc2b76faa
0,,,2023-12-16 00:00:00,15:48:05,,,,,,,,,,,,,0.0,,,0.0012167680640053,35721d6579eaf0c9c6852a980e3f6f02391bef9ad974b49049c0c4969e4f8ab4
1,0.207286,,2024-01-23 00:00:00,00:39:03,0.0,,,,,,0.0187538623504519,0.0345454545454545,0.0172671091377416,0.5,0.3333333333333333,1.0,0.0909090909090909,,0.012629,0.0004500375031252,28e109504a5a1bba7d84aa8302df4b914f0eb9bfd8af6b88c01be279a1a8a45e
0,0.121834,,2023-11-10 00:00:00,18:25:07,0.0,,,,,,0.0,0.0,0.0,0.0,0.3333333333333333,0.0,0.1111111111111111,,0.017951,0.0006500541711809,2b6f5866bee2056e822ac8326607886e8c1ffbec9d28bf7ae2de1841ed892c23
0,0.322616,,2023-11-03 00:00:00,15:54:54,0.0,,,,,,0.0,0.0,0.0,0.0,0.0,0.0,0.0404040404040404,,0.011368,0.0007500625052087,976268f45a36307b83b1fb1406d2288eceb1f4b51d879708e5c1acaa17f22a00
1,0.074104,,2024-03-01 00:00:00,02:42:25,0.0,,,,,,0.0558819512113327,0.2145454545454545,0.0,1.0,1.0,0.6435483870967742,0.1919191919191919,,0.09091239,0.001416784732061,163cb58ef2afe60402fce61c06460bad703d37a3364ab7c9967494cd2be6f34c
1,0.064855,,2023-11-09 00:00:00,14:08:56,0.0,,,,,,0.0642136229164746,0.0890909090909091,0.0,0.75,0.3333333333333333,0.6435483870967742,0.0656565656565656,,0.05,0.0007500625052087,1fcc86b434e274b2693894e8209173f63dda30cc8f31124b5db65399ccc32405
1,0.107958,,2023-12-19 00:00:00,20:13:41,0.0,,,,,,0.0890990372180785,0.1818181818181818,0.0820355173223926,1.0,0.3333333333333333,0.853225806451613,0.0909090909090909,,0.06,0.0009167430619218,cc11d342d71873864fff2162b0df18b6334dd21990135ec47ae032b99ec6ccd3
0,0.227339,,2023-11-29 00:00:00,16:11:01,0.0,,,,,,0.0,0.0,0.0,0.0,0.0,0.0,0.494949494949495,,0.019938,0.0007500625052087,21c20c396ddddabfd8e6573a822219404b64837fe5ca732745dcedaeb6b6b992
1,0.142986,,2024-01-31 00:00:00,00:48:48,0.0,,,,,,0.074652593572737,0.0363636363636363,0.0687343469066709,0.5,0.3333333333333333,0.9677419354838708,0.0101010101010101,,0.042,0.0006167180598383,9c1d8765fe475a27b2879070b26c1922a26aa0a8ed092cf2421efd703008ac4b
0,0.344373,,2024-01-05 00:00:00,00:37:21,0.1428571428571428,,,,,,0.0,0.0,0.0,0.0,0.0,0.0,0.0656565656565656,,0.15,0.0024168680723393,63164d5e340e5169f2bb8c6e28f7d09842b87e464b8f61cfc3e3ba1b99625962
0,0.156723,,2024-02-06 00:00:00,11:34:27,0.0,,,,,,0.0,0.0,0.0,0.0,0.3333333333333333,0.0,0.0404040404040404,,0.013854,0.0005000416701391,0187d8ef92e9c9b9c334a4b3929c2c583a8a47e71a0244f7c3c02440d16e2ea2
1,0.207853,,2023-12-09 00:00:00,12:54:33,0.0,,,,,,0.0219393756785912,0.0181818181818181,0.0202000839708104,0.5,0.3333333333333333,0.9677419354838708,0.0,,0.03,0.0004167013917826,b4a764a7225c6c9e19ef5019672dbe9b5cfb2dcd5097cc602c184687dc84bef5
0,0.051303,,2023-10-23 00:00:00,14:17:36,0.0,,,,,,0.0,0.0,0.0,0.0,0.3333333333333333,0.6435483870967742,0.0909090909090909,,0.06,0.0009167430619218,1deac1f181948aa4aec16e8aef052dea9bf7edbeb36276a0d5280d569977bb6a
1,0.096247,,2024-02-07 00:00:00,03:52:42,0.0,,,,,,0.0890990372180785,0.0909090909090909,0.0820355173223926,0.75,0.3333333333333333,0.853225806451613,0.0404040404040404,,0.04,0.0005833819484957,6c765befdb6e0df8c8bea3253ea98ef65798c590835dd0e11877e772dfd47eb5
1,0.08781,,2023-10-31 00:00:00,21:09:57,0.0,,,,,,0.005441278202908,0.0254545454545454,0.0034041674872602,0.5,0.3333333333333333,0.7403225806451613,0.0606060606060606,,0.028723,0.0012501041753479,6feb4e437e93a7dcff3407fe06d781156460302fe35b3893427235e39df30d72
1,0.093397,,2023-10-19 00:00:00,00:43:59,0.0,,,,,,0.037124598840866,0.0909090909090909,0.037124598840866,0.75,0.3333333333333333,0.7403225806451613,0.0606060606060606,,0.025,0.0003333611134261,ea6acfb5d9908f2ccf92380ff3dffc19eea545a054346776758e89166e17da0f
0,,,2023-11-22 00:00:00,17:28:57,,,,,,,,,,,,,,,,0.0004167013917826,db3185100db6ba373b426b69a97bafca3c07d69775f70377c93caa03cb9dd10c
0,0.205488,,2023-12-27 00:00:00,23:35:37,0.0,,,,,,0.0,0.0,0.0,0.0,0.3333333333333333,0.0,0.0101010101010101,,0.048511,0.000166680556713,801fdea00ec33e07b1e15425292e711aa4d286981feee44efc49e7f42267d1f6
0,0.216651,,2023-10-20 00:00:00,21:06:52,0.0,,,,,,0.0,0.0,,0.0,0.0,0.0,0.0101010101010101,,0.019153,0.0004167013917826,aacee474526ad4008093eeeb10ea4ae0b6f9b1a0f8909c22a6e149ba0e7d62f1
0,,,2024-02-23 00:00:00,17:56:10,,,,,,,,,,,,,0.0606060606060606,,,0.0008500708392366,7d7cb7506556e5e28b1aa470876eee3c576e8c65ce8d397c1e964554bf14c402
0,0.374796,,2023-11-14 00:00:00,22:25:51,0.0714285714285714,,,,,,0.0,0.0,0.0,0.0,0.0,0.0,0.494949494949495,,0.2,0.0032502708559046,4a74534f7f8deb95bf54b362f9414dbb7da7bea2139a37fd22c8eba29fb8259c
1,0.134371,,2024-03-01 00:00:00,16:30:28,0.0,,,,,,0.0687052328384302,0.1418181818181818,0.0632584761254012,1.0,0.3333333333333333,0.9338709677419356,0.4545454545454545,,0.031,0.0003333611134261,5ef1c98d1a6d41f0e83b31ba9b9ac432349ae2ee070a5c89dfde0f09b1a0b8f8
0,0.175434,,2023-10-18 00:00:00,23:34:34,0.0,,,,,,0.0,0.0,0.1126006160158934,0.75,0.3333333333333333,0.8370967741935484,0.0404040404040404,,0.08,0.0012501041753479,8ad51b61a141361f8ba325955d30392378ef64109d39aaf384b14e89505b8d8b
1,0.178998,,2024-02-06 00:00:00,23:58:41,0.0,,,,,,0.0410635930270796,0.1109090909090909,0.0378081874088887,1.0,0.3333333333333333,0.9338709677419356,0.0909090909090909,,0.0245745,0.0005000416701391,76c9195d87f8ad65ef2e2877962d6560e0e3689321a99895180bec7d9086554e
1,0.120376,,2023-10-17 00:00:00,15:32:57,0.0,,,,,,0.0087688302462125,0.0527272727272727,0.0073369459980625,0.75,0.3333333333333333,0.7403225806451613,0.1919191919191919,,0.03,0.0002833569464122,d022db3996463eeeb108743a2c4a051401eb0ae3081ecf90955d90f197498a02
0,0.230653,,2023-10-21 00:00:00,15:22:34,0.0,,,,,,0.0,0.0,,0.0,0.0,0.0,0.494949494949495,,0.014247,0.0004442036836403,3a3c1fc43d7bba19edd3dd801e9e95a507dc529856f0eb8fd792b37e01ae10bc
0,0.097979,,2023-12-13 00:00:00,14:31:18,0.0,,,,,,0.0,0.0,0.0,0.0,0.3333333333333333,0.0,0.1414141414141414,,0.042999,0.0020001666805567,767b1df4e7c8f1b6f3b4c034a19bb6645da488913c954c46f39d7677b73e8cb4
0,0.132454,,2023-11-03 00:00:00,13:34:06,0.0,,,,,,0.0,0.0,0.0,0.0,0.3333333333333333,0.8370967741935484,0.0101010101010101,,0.095,0.0015001250104175,43a432874e916c18baa31aa4bac43adc5ed943baa7477d683202b362ca36bb8e
1,0.134713,,2024-02-20 00:00:00,00:34:53,0.0,,,,,,0.0236179272905821,0.049090909090909,0.0217455647542332,0.75,0.3333333333333333,0.9677419354838708,0.1919191919191919,,0.010603,0.0002500208350695,465ef006850d2a2b30b4e51f44183b2a311b4b5be1613f32dea3cc6b5b7b30c3
1,0.120019,,2024-01-13 00:00:00,17:32:43,0.0,,,,,,0.1321956475268817,0.2690909090909091,0.121715550147785,1.0,0.3333333333333333,0.7403225806451613,0.1919191919191919,,0.0738822899999999,0.001416784732061,d56951c8d59353743023851dd254ddd8ee67624b3b6c148294948bbef3ef3675
1,0.041468,,2024-01-20 00:00:00,18:31:38,0.0,,,,,,0.1042460571895068,0.1454545454545454,0.0,1.0,0.3333333333333333,0.7403225806451613,1.0,,0.04,0.0005833819484957,56f1c7a371f89633bcaed9a7f88199810a2b27c3006265ed70ed3ca20a064d9c
1,0.136666,,2024-02-21 00:00:00,18:20:55,0.0,,,,,,0.0271582032852448,0.08,0.0250051776721073,0.75,0.3333333333333333,0.9338709677419356,0.0909090909090909,,0.017472,0.0003500291690974,f1d2266af137f40b7cc3aa05a4cd082c30f2cfe8cec996dc67ad0ce4119abf4c
1,0.140855,,2023-12-21 00:00:00,19:57:53,0.0,,,,,,0.037124598840866,0.069090909090909,0.0341814655509969,0.75,0.3333333333333333,0.9677419354838708,0.0707070707070707,,0.025,0.0003333611134261,f38b1eee330b20a88179cb12da8462b7e46ac1e5c89eb2cbf64989b69bdc76bd
0,0.088116,,2023-11-16 00:00:00,23:27:29,0.0,,,,,,0.0,0.0,0.0,0.0,0.3333333333333333,0.0,0.2929292929292929,,0.04,0.0005833819484957,76e667b55ba13f17ed2c9c38d7db46ea1978d0b92e01c9ed1430bfcf03e49b30
0,,,2024-03-01 00:00:00,15:51:40,,,,,,,,,,,,,0.0,,,0.0005000416701391,bacd6e82937d240f4fdbe98fd70488cbf40dbf3ac046e8ff9660a1f17c294c9a
1,0.12775,,2023-12-07 00:00:00,16:33:22,0.0,,,,,,0.1484983953634643,0.1818181818181818,0.1367258622039876,1.0,0.3333333333333333,0.9338709677419356,0.0909090909090909,,0.08,0.0012501041753479,78f85f4d72bfe9b24b7ac49a08c180fba4203cc03b66f469ed2d7034339df658
0,0.222622,,2023-11-14 00:00:00,23:35:55,0.0714285714285714,,,,,,0.0,0.0,0.0,0.0,0.0,0.0,0.0,,0.035,0.0005000416701391,f509fd8b921de6d49e7d90336f61f6f115c3d5499fc401f5b8672f3b2c7551fe
0,0.221533,,2023-10-21 00:00:00,14:12:18,0.0,,,,,,0.0,0.0,,0.0,0.0,0.0,0.0303030303030303,,0.022,0.0002833569464122,86dac8724200f274d8dd80cfad75b91d730bbfb5d9a0a78d04f6424f05fd8284
0,0.274042,,2023-11-13 00:00:00,23:26:31,0.1428571428571428,,,,,,0.0,0.0,0.0,0.0,0.0,0.0,0.0,,0.011757,0.0005000416701391,4d87d4cd954fd8f6d43e1d947c544a0ebad847f860ac6687064a2decc14a6c10
0,0.160913,,2023-11-07 00:00:00,14:47:20,0.0,,,,,,0.0,0.0,0.0,0.0,0.3333333333333333,0.8370967741935484,0.0202020202020202,,0.02,0.0002500208350695,3e7a2a1988ebef7d06ebbeb9484924e50ddd494c6f778f046eb11c65b850c636
0,0.127933,,2023-12-14 00:00:00,21:40:41,0.0,,,,,,0.0,0.0,0.0303599777023954,0.75,0.3333333333333333,0.0,0.0303030303030303,,0.032,0.0004500375031252,4ae561226f233900d60a9a46a352295e5e354785d717409f2cc2fc5cd02c31dd
0,0.147637,,2023-11-16 00:00:00,23:33:10,0.0714285714285714,,,,,,0.0,0.0,0.0,0.0,0.3333333333333333,0.0,0.0202020202020202,,0.042999,0.0012501041753479,2af3c67e28dad73949edbcef5eb267b3250e1d1490da22b136cc3424f7388a9b
0,0.0652,,2023-10-27 00:00:00,17:56:52,0.0,,,,,,0.0,0.0,0.0,0.0,0.3333333333333333,0.6435483870967742,0.0,,0.035,0.0005000416701391,b2aa96c2a780c1bb1403dc0fdb17fcd305b9d4d63ebf7eda88620b4a4226a51e
1,0.187391,,2023-10-27 00:00:00,01:58:17,0.0,,,,,,0.0075475794427434,0.0363636363636363,0.0063151162963171,0.5,0.3333333333333333,0.8370967741935484,0.0101010101010101,,0.011517,0.0003666972247687,6695b08b72290633aca40a0e2cebd2281293277fc247efaa261279ddbe16eb07
0,0.158752,,2023-11-02 00:00:00,22:30:47,0.0,,,,,,0.0,0.0,0.0,0.0,0.3333333333333333,0.8370967741935484,0.0101010101010101,,0.015044,0.0005833819484957,ecf07bcb67615daf9d755aac55c19dff7341eb1641082d22f3e8c985d4c1aef7
0,0.249339,,2023-10-20 00:00:00,14:16:29,0.0,,,,,,0.0,0.0,,0.0,0.0,0.0,0.0656565656565656,,0.03,0.0004167013917826,0d4bac8f512fd8da8bd8f1312b005c550a4e1bbd717bdbc3c34076e0b2e4de0d
0,0.026941,,2023-10-24 00:00:00,17:34:38,0.0,,,,,,0.0,0.0,0.0,0.0,0.3333333333333333,0.6435483870967742,0.0,,0.151,0.0024335361280106,5dbf4247cdc32098781ac590e6d066cebfdbebaa456ae05b1c2b646c661f4f69
1,0.208286,,2023-10-18 00:00:00,22:18:53,0.0,,,,,,0.0168798126009649,0.0181818181818181,0.0168798126009649,0.5,0.3333333333333333,0.8370967741935484,0.0,,0.011367,0.0004167013917826,3503d3026c49858c473a4579e50dbf26edc74ac450f03fdb44d75abd8de06910
0,0.235947,,2023-10-20 00:00:00,14:22:22,0.0,,,,,,0.0,0.0,,0.0,0.0,0.0,0.0,,0.013577,0.0002500208350695,772f1bca93cf5a3e89592fb23b068a7110f2d88c4ec99fc71973e18ccae7702b
0,0.27298,,2023-10-19 00:00:00,20:33:16,0.0,,,,,,0.0,0.0,,0.0,0.0,0.0,0.0404040404040404,,0.026,0.0003500291690974,0189a46d5212c16843062d078a4be31dca458f2e92d56b4e742faf4db4724c96
1,0.156112,,2023-10-18 00:00:00,14:16:03,0.0,,,,,,0.0167387391253696,0.0309090909090909,0.0167387391253696,0.5,0.3333333333333333,0.8370967741935484,0.0151515151515151,,0.011272,0.0002500208350695,3d18f8ea1b588f5b861debe05a9e9a45466dc58cd5d91b0e40beca2f95a616be
1,0.130095,,2023-11-16 00:00:00,19:23:29,0.0,,,,,,0.0570530834986429,0.0181818181818181,0.052530076258772,0.5,0.3333333333333333,0.9677419354838708,0.0,,0.04,0.0005833819484957,b127a3b5f6ffbf68eddb43f0a4b0365b94841962da58afa50f4a8978e8a62233
0,0.30487,,2023-11-20 00:00:00,16:18:04,0.0,,,,,,0.0,0.0,0.0,0.0,0.0,0.0,0.0909090909090909,,0.025,0.0003333611134261,e458839bc6d1044c9c044738afa7f202e0007102e99fa69539f3f1ef94e76253
1,0.074869,,2024-01-24 00:00:00,12:22:41,0.0,,,,,,0.0284240778565207,0.069090909090909,0.0261706972844652,0.75,0.3333333333333333,0.9677419354838708,0.0909090909090909,,0.019141,0.0007500625052087,5553d1ca95c27b4d47268c20af00c29a267f8be3f5570c05761f20a4376d6be0
0,0.361278,,2023-11-02 00:00:00,19:44:20,0.0,,,,,,0.0,0.0,0.0,0.0,0.0,0.0,0.0757575757575757,,0.0332146299999999,0.0005000416701391,243156d043082c642013d8f21153123aaa7783363bde4b567930cd181d515074
1,0.145379,,2023-11-10 00:00:00,13:50:28,0.0714285714285714,,,,,,0.1113737965225982,0.0545454545454545,0.1025443966529907,0.75,0.3333333333333333,1.0,0.0202020202020202,,0.075,0.0011667638969914,7152ab21df4a0a240822b6c1dc2ff1282b0227ec730a3e99c63beb4d043ecb37
1,0.14736,,2024-01-19 00:00:00,17:04:40,0.0,,,,,,0.0534594223308471,0.0981818181818181,0.0492213103934355,1.0,0.3333333333333333,0.95,0.0909090909090909,,0.036,0.0005167097258104,ee77465317ea4970e8383f1ca41b0ab708949fa2077d3d0967f9f73367cb09b1
0,0.206913,,2023-11-04 00:00:00,07:30:35,0.0,,,,,,0.0,0.0,0.0,0.0,0.3333333333333333,0.8370967741935484,0.0,,0.02,0.0002500208350695,a0b64f32fe15367638abce69f1ffef1442c056c8d818a98283ce9e9e97d61bc2
1,0.072538,,2024-02-13 00:00:00,12:37:40,0.0,,,,,,0.0080507895812937,0.0309090909090909,0.0,0.5,1.0,1.0,0.0404040404040404,,0.018833,0.0005167097258104,0b35631c52bceeb9b0a83675eb95bde4a417196e5b3c97cf5a1aedcbcfb03b60
0,,,2024-02-22 00:00:00,04:13:22,,,,,,,,,,,,,0.0909090909090909,,,0.0006083840320026,8e131f447de17d8dbde8818a88db421fc4c94df2e7c353bff554b565ca729b11
0,0.434015,,2023-11-27 00:00:00,13:12:25,0.1428571428571428,,,,,,0.0,0.0,0.0,0.0,0.0,0.0,0.0909090909090909,,0.5,0.0082506875572964,583c114127ef6120783046d15c564a4c64abbc71095d8bf81f2d6a65224655b7
0,0.253434,,2023-10-19 00:00:00,16:16:25,0.0,,,,,,0.0,0.0,,0.0,0.0,0.0,0.1414141414141414,,0.014998,0.0007500625052087,f419a0b3373281b1b89c50411e739b0591dd5d0fb8e5b10e2439f9e891a3ac54
0,0.270832,,2023-10-19 00:00:00,23:53:41,0.0,,,,,,0.0,0.0,,0.0,0.0,0.0,0.0,,0.011079,0.000550045837153,34e9920a8129a395ffb452ecbcc9af8db91c41faada0f8159a43da3cd00a8b69
1,0.185294,,2023-11-08 00:00:00,01:44:03,0.0,,,,,,0.039587221980376,0.0181818181818181,0.039587221980376,0.5,0.3333333333333333,0.8370967741935484,0.0,,0.027,0.0002666888907408,7a85ed3e0f5c3023061c040b39f778189beaf3e7ae921585df921357d867f9f8
0,0.124559,,2023-10-19 00:00:00,15:02:44,0.0,,,,,,0.0,0.0,0.0,0.0,0.3333333333333333,0.7403225806451613,0.3636363636363636,,0.020991,0.0009167430619218,b1c73c2548465bb739f8e2d76ec1272ad341c1bd935040576ed6412a19954f55
1,0.153407,,2024-02-02 00:00:00,03:47:00,0.0,,,,,,0.0522384685241687,0.0272727272727272,0.0480971503543943,0.5,0.3333333333333333,0.9677419354838708,0.005050505050505,,0.02281947,0.0004167013917826,e5a7ada700ece1b0ecb2222aa455a4a05226a9ec3174874d53803038a01cf57e
0,0.198437,,2024-02-23 00:00:00,23:21:41,0.0714285714285714,,,,,,0.0,0.0,0.0157715332940232,0.75,0.3333333333333333,0.0,0.0909090909090909,,0.014247,0.0003166930577548,ae59c650c61a1a990ae420ebdc75cee9755cea721b9bfaffe7afd8932dac5909
0,0.150642,,2023-10-20 00:00:00,00:19:48,0.0,,,,,,0.0,0.0,0.0,0.0,0.3333333333333333,0.8370967741935484,0.3939393939393939,,0.075,0.0010834236186348,a34249cba5d03a2ec7f8c680faae1bb1a81ee6dc407988aadcab9b0ded3691ef
0,0.208173,,2024-01-02 00:00:00,20:50:07,0.0714285714285714,,,,,,0.0,0.0,0.1298895690937882,1.0,0.3333333333333333,0.0,0.0909090909090909,,0.095,0.0015001250104175,ddd978ad4c8b78ca54fe0a60b42813c642a9f732cc62fbe6700d17934a9a0739
0,0.339726,,2023-11-02 00:00:00,15:51:44,0.0,,,,,,0.0,0.0,0.0,0.0,0.0,0.0,0.0909090909090909,,0.04,0.0010000833402783,eb4164717cbd8eaf786e9a5a5bc9288b16bbd70255e1dab7017176314679efc0
1,0.103171,,2023-11-24 00:00:00,22:00:46,0.0,,,,,,0.0544838533611015,0.0909090909090909,0.0501645274264359,0.75,0.3333333333333333,0.8370967741935484,0.0404040404040404,,0.03668986,0.0010834236186348,ab041b83a6a5a10e895e44e5811046aa6b150a8475bc32ba19bb689d446891bc
0,0.180363,,2023-11-06 00:00:00,17:36:57,0.0,,,,,,0.0,0.0,0.0,0.0,0.3333333333333333,0.8370967741935484,0.0909090909090909,,0.03,0.0004167013917826,d2a342625f19e6b34aa4bcd15cbaa9918259836e0eb5ee6e5f396434e1d556c3
0,,,2023-12-02 00:00:00,23:26:29,,,,,,,,,,,,,0.0,,,0.0003333611134261,d6c05b056144e0e54e5b9bb00bf35b718278d445f7560718d7f6b637cb94bb85
1,0.06539,,2023-10-31 00:00:00,01:04:44,0.0,,,,,,0.0180306751650318,0.0436363636363636,0.0180306751650318,0.5,0.3333333333333333,0.6435483870967742,0.0202020202020202,,0.012142,0.0004500375031252,d10a054695a6928e3b5549e472fdb17091406cc4792ca8312d5cedfd35e32059
1,0.150516,,2023-11-14 00:00:00,01:50:43,0.0,,,,,,0.0097349608064472,0.0236363636363636,0.0076268400785576,0.5,0.3333333333333333,0.9677419354838708,0.2424242424242424,,0.008852,0.0007500625052087,1ab331ea9e03bdf688594aea89c20b19853c232d28b7e2b491000c4071286b9f
0,,,2023-11-02 00:00:00,04:33:13,,,,,,,,,,,,,,,,0.0004167013917826,b132299ea4b1501318c860607a39f34ffb05d0ab55f9471a2c4dc34f966e992c
1,0.16135,,2024-02-08 00:00:00,00:14:07,0.0,,,,,,0.0709349362448126,0.0909090909090909,0.0653114149463941,0.75,0.3333333333333333,0.95,0.0404040404040404,,0.032209,0.0007500625052087,675252e37f409ac583d54fc02f7ed0a3f7690c008c77bf347687380993e8403e
0,0.217685,,2023-11-17 00:00:00,18:23:42,0.0,,,,,,0.0,0.0,0.0,0.0,0.0,0.0,0.494949494949495,,0.017999,0.0004167013917826,92bcdb93a5bd6a136edbdd625fc0a0dfd28b41c87f4cfe99cebf7443a8d62a1e
0,0.103514,,2023-10-31 00:00:00,20:48:49,0.0,,,,,,0.0,0.0,0.0,0.0,0.3333333333333333,0.7403225806451613,0.0454545454545454,,0.0150952999999999,0.0002500208350695,a19f482de733a749186929b0461eed02305a2340b7eb148c479d3236f1b4a556
1,0.117298,,2023-10-19 00:00:00,12:13:35,0.0,,,,,,0.0568748854242068,0.1363636363636363,0.0568748854242068,1.0,0.3333333333333333,0.7403225806451613,0.0656565656565656,,0.0383,0.0003333611134261,821c0929a35664de9690f12c97ed8c094238609a35caca7471a90faca0b00017
0,0.212291,,2023-11-02 00:00:00,19:35:27,0.1428571428571428,,,,,,0.0,0.0,0.0,0.0,0.0,0.0,0.7474747474747475,,0.1,0.001583465288774,8fa028f134e96d4c251096c7f2ae84c79c48c75abce23fe3013f365719ab75d8
0,0.211111,,2023-11-24 00:00:00,12:27:29,0.0,,,,,,0.0,0.0,0.0,0.0,0.0,0.0,0.3434343434343434,,0.05,0.0007500625052087,a3a11efb70a61c2a3cae2d06973f962da274ea7a8ed9ca25eb514ea244ff8a66
0,0.226201,,2023-10-31 00:00:00,09:11:48,0.0,,,,,,0.0,0.0,0.0,0.0,0.0,0.0,0.0909090909090909,,0.005325,0.0003333611134261,50d4fb2a6bbed0373d323f16f8fd10443b77ce18005b7717a2a5b16a64b21275
1,0.096146,,2023-11-29 00:00:00,03:22:18,0.0,,,,,,0.0288977877377301,0.109090909090909,0.0266068527848959,1.0,0.3333333333333333,0.8693548387096774,0.0505050505050505,,0.026,0.0003500291690974,0e812e2b7e1a9282893ecc67c8da809af4474324efd106de59a72256df02e327
1,0.12034,,2023-12-28 00:00:00,19:44:38,0.0,,,,,,0.0634495033805288,0.1781818181818182,0.0584194060473466,1.0,0.3333333333333333,0.8370967741935484,0.1414141414141414,,0.049143,0.0009167430619218,c69b572f50a2593abf00f0b787c55a4e4ba39dfe50fdbb26d709fc99da3a40f2
1,0.116822,,2024-01-04 00:00:00,20:13:58,0.0,,,,,,0.010371202181382,0.0581818181818181,0.008125302405676,0.75,0.3333333333333333,0.9838709677419356,0.494949494949495,,0.061175,0.001416784732061,31126bbe57aec6668e62ec4d2e2f16e2d4c991156370979e7c8704c593e65007
1,0.073815,,2024-02-06 00:00:00,06:30:37,0.0,,,,,,0.0448912876659683,0.1109090909090909,0.0413324332330587,1.0,0.3333333333333333,0.7725806451612903,0.0707070707070707,,0.02036,0.0003333611134261,1f1243de1c880c323f456b9b9ddae96926c14ec168dd2213247929fa39a06275
1,0.055163,,2024-02-19 00:00:00,22:02:55,0.0,,,,,,0.0634567798019016,0.0181818181818181,0.0584261056145946,0.5,0.3333333333333333,0.9838709677419356,0.0,,0.05496442,0.0012501041753479,62afa935f74eb9559328902f56881604f1141da3fb83f59134fb43f3098b9c37
0,0.224247,,2024-02-23 00:00:00,17:09:45,0.0,,,,,,0.0,0.0,0.0,0.0,0.0,0.0,0.0151515151515151,,0.011272,0.0004500375031252,5b2cf75e874b83822b9047d34bdc9e59bf314d4782b75a75ac9d1d7658a91a90
0,,,2023-11-17 00:00:00,00:28:29,,,,,,,,,,,,,,,,0.0010000833402783,5a4077001bd4c99e697b35ddd856cbd8126bfc0ce7c4afb333fff65712fb3f57
0,,,2023-11-22 00:00:00,15:36:23,,,,,,,,,,,,,,,,0.00038336528044,c30882dbc4c3424c9a06475755aeeee34f3608ddc93265e81d7b66dfb91f1ce8
0,0.254998,,2024-01-22 00:00:00,23:56:03,0.0,,,,,,0.0,0.0,0.0,0.0,0.0,0.0,0.0909090909090909,,0.027898,0.0009167430619218,a5648f01dc7c04e17d6777946fb419211870f60a7ab779c600cc83f8fd0c3b11
0,0.110911,,2024-02-07 00:00:00,17:14:00,0.0714285714285714,,,,,,0.0,0.0,0.0246177649415523,0.75,0.3333333333333333,0.0,0.0202020202020202,,0.01492233,8.33402783565297e-05,0e6052e9c383db74e9c8962607e9c2a75d9f157ded0721a08440487a8341b524
0,0.108638,,2023-10-22 00:00:00,22:56:22,0.0,,,,,,0.0,0.0,0.0,0.0,0.3333333333333333,0.7403225806451613,0.0909090909090909,,0.029921,0.0006667222268522,60995282a4b4d24a7bc811f26e5cf69d4f1784c1c30157ac59a53529e6e1c603
0,,,2023-12-04 00:00:00,13:15:36,,,,,,,,,,,,,0.0656565656565656,,,0.0004167013917826,a17ac90e6f8992ff993f6d106e0c0839cd92aa28a4449363adfbc403c7f0277b
1,0.198083,,2023-10-26 00:00:00,04:49:59,0.0,,,,,,0.0237742961008999,0.0709090909090909,0.0237742961008999,0.75,0.3333333333333333,0.8370967741935484,0.1919191919191919,,0.02581944,0.0010000833402783,133073c0993297568f0cc28f68f92da46e396b8b7d119b27f80927e6b19255a4
0,,,2024-01-19 00:00:00,05:38:44,,,,,,,,,,,,,0.0404040404040404,,,0.0005000416701391,ac99af24f2ae82f983c1afd00ae6dc655750c8370039512e3409d6618851a5e4
0,0.266418,,2023-11-03 00:00:00,22:51:29,0.0,,,,,,0.0,0.0,0.0,0.0,0.0,0.0,0.0303030303030303,,0.02542883,0.0003416951412617,68a5fd952a5beef8fb2b12512b87d35bbdc9f83fa89dbfb63b2f0b85986a128d
1,0.086658,,2024-02-22 00:00:00,20:20:32,0.0,,,,,,0.0048785003421897,0.0181818181818181,0.0,0.5,1.0,0.9838709677419356,0.0,,0.039422,0.0009167430619218,a709f004c7ce16a10994845b2398e341d7c2f55891ce41eed1487bcec0a547da
1,0.083827,,2023-11-21 00:00:00,09:17:53,0.0,,,,,,0.0769932995296536,0.1818181818181818,0.0708894883096613,1.0,0.3333333333333333,0.7403225806451613,0.0909090909090909,,0.05,0.0007500625052087,ba0467d37e0de7e2f22b68c43d3d27ae73e0a6c28d125089fead6694daa429ac
1,0.205016,,2024-02-15 00:00:00,16:59:19,0.0,,,,,,0.0113818822602257,0.0454545454545454,0.008917118159759,0.5,0.3333333333333333,0.9677419354838708,0.0151515151515151,,0.028,0.00038336528044,04a15e476ebc9e4c2250a69d99fee60cbb297776a952368b482c5f0242532122
0,,,2024-01-06 00:00:00,03:34:36,,,,,,,,,,,,,0.0404040404040404,,,0.0049170764230352,cfc0e04a39c8d82c6088e66603c79a99d2fa987511b488b794bd31c76025fa7b
1,0.085041,,2024-01-25 00:00:00,22:15:40,0.0,,,,,,0.0322227410591158,0.0545454545454545,0.0296682132025743,0.75,0.3333333333333333,0.9677419354838708,0.0202020202020202,,0.015191,0.0005833819484957,4f466258df9e263f871d1570f3767c6bbde91f711715524b9f7b8503dc9d5618
0,0.131048,,2023-11-11 00:00:00,00:43:00,0.0,,,,,,0.0,0.0,0.0,0.0,0.3333333333333333,0.0,0.2929292929292929,,0.015882,0.0012501041753479,5a8ba28039d59fea813fe84db2db9d2bed4c8072663fcc0c0bb3f8f614c23349
1,0.106074,,2023-10-27 00:00:00,14:20:45,0.0,,,,,,0.0222717893366123,0.0545454545454545,0.0222717893366123,0.75,0.3333333333333333,0.7403225806451613,0.2121212121212121,,0.014998,0.0003166930577548,3c4ab45681dbf8b2ba7a301565af52ab23b27d3a103e0ae4aa10ca05b168dd31
1,0.176691,,2023-11-02 00:00:00,20:54:01,0.0714285714285714,,,,,,0.1802502480108825,0.1272727272727272,0.1802502480108825,1.0,0.3333333333333333,0.8370967741935484,0.0606060606060606,,0.125,0.0020001666805567,b59466cf12086e411b22b16a09d00d9b2e4ec615fb7706efa396e5ea10d93e49
1,0.10676,,2024-01-24 00:00:00,11:24:52,0.0,,,,,,0.0274553485743671,0.0636363636363636,0.0252787661223775,0.75,0.3333333333333333,0.9677419354838708,0.0252525252525252,,0.019938,0.0004167013917826,08b9bcbf5af32053d6428ce586e9f94864ec19a22aa559e2bdbbd7bef1410709
0,0.49622,,2023-12-20 00:00:00,00:13:47,0.3571428571428571,,,,,,0.0,0.0,0.0,0.0,0.0,0.0,0.0202020202020202,,0.022,0.0002833569464122,ff0d85f3367ec54304d94502d678a9e1c90d97455672d3953b70fbee763a2be4
0,0.09844,,2023-11-29 00:00:00,13:05:43,0.0,,,,,,0.0,0.0,0.0,0.0,0.3333333333333333,0.0,0.0303030303030303,,0.026841,0.0009167430619218,edbc286c1276b8e0ba7c02c3cbe835a2942568fbf6f0d9033ce7a7ce45190792
1,0.138845,,2023-12-20 00:00:00,20:53:46,0.0,,,,,,0.0562412427711909,0.1781818181818182,0.0517825959701028,1.0,0.3333333333333333,0.95,0.0909090909090909,,0.065,0.0010000833402783,fa8a8661f1317571fa2a417ef89fd0021eeec3b0b51e7073ac9e088020b954cd
1,0.091969,,2023-10-19 00:00:00,14:30:19,0.0,,,,,,0.0531475757005838,0.0927272727272727,0.0531475757005838,1.0,0.3333333333333333,0.7403225806451613,0.1919191919191919,,0.032,0.0004500375031252,ae11b8dcbd48926b238431267971adfb3e7ead62efa949c5a1e4f99877675d49
1,0.176104,,2024-01-19 00:00:00,21:11:43,0.0,,,,,,0.0157452848603881,0.0181818181818181,0.0144970431694888,0.5,0.3333333333333333,0.9677419354838708,0.0,,0.010603,0.0005833819484957,02de7eef384e5465040370151a179ce8ec5f24bf3b0b894fc934993013cb95ee
0,0.096881,,2023-10-21 00:00:00,13:10:10,0.0,,,,,,0.0,0.0,0.0,0.0,0.3333333333333333,0.7403225806451613,0.1414141414141414,,0.040163,0.0006667222268522,29a6cd1d8af3afd4f79df980d6ea79d8e91201ea6b22fd10cda42c918a7cbfa4
1,0.036263,,2023-11-27 00:00:00,15:16:09,0.0,,,,,,0.0074608563798511,0.0327272727272727,0.0044542839942192,0.5,0.3333333333333333,0.9677419354838708,0.0909090909090909,,0.06,0.0009167430619218,52939561867a26999889dfc45df835f05b05ef96ed8236434e38a6c22f8db633
0,0.249982,,2023-11-09 00:00:00,12:04:14,0.2857142857142857,,,,,,0.0,0.0,0.0,0.0,0.0,0.0,0.0353535353535353,,0.075689,0.001583465288774,72a204928045ef40920e5890bbc38d1d24789ea076a5e2ef2bc162079f3aeda9
0,0.288426,,2023-11-22 00:00:00,21:54:33,0.0,,,,,,0.0,0.0,0.0,0.0,0.0,0.0,0.0505050505050505,,0.06,0.0009167430619218,f4fc4b3942851fd4b5382c791bc039d1174c58b4482e20c33b6ced3f4322bcff
0,0.104293,,2023-11-08 00:00:00,21:34:57,0.0,,,,,,0.0,0.0,0.0,0.0,0.3333333333333333,0.7403225806451613,0.0656565656565656,,0.06,0.0009167430619218,ff9278c5aaec286eb9681e55dc22de26f2dd1b1ac9c31f263ff6b6f82670d422
0,,,2023-11-16 00:00:00,16:18:20,,,,,,,,,,,,,,,,0.0002500208350695,2fb3136144afa9e8c071dbf7dcdbd6c3bc2f7b8c5352efe3857d601a8712bd0f
0,0.460476,,2023-11-04 00:00:00,12:39:13,0.1428571428571428,,,,,,0.0,0.0,0.0,0.0,0.0,0.0,0.0656565656565656,,0.05,0.0013334444537044,19df817e2c46a94df29ed784f959e404cf92f842c4ee05c07f579254f098ebf8
0,,,2023-10-23 00:00:00,11:05:23,,,,,,,,,,,,,,,,0.0003333611134261,744ec0bac5d9ab315bcc78b1d3b5ed771e4fc4644ba1776793b49c2003d65d71
1,0.197235,,2023-10-27 00:00:00,02:10:11,0.0,,,,,,0.0835303473919486,0.0218181818181818,0.0835303473919486,0.5,0.3333333333333333,0.8370967741935484,0.002020202020202,,0.045,0.0006667222268522,928cc83b6c70fd3d151cdcedebf420acb960bfad1e9d3397641d0d576e30718d
1,0.145515,,2024-01-04 00:00:00,03:02:48,0.0,,,,,,0.0099242962605356,0.0181818181818181,0.0077751746490036,0.5,0.3333333333333333,0.9677419354838708,0.0,,0.016666,0.0002666888907408,a525589cafe1f07f5eb6731eac107559d368e02b99e12bb46fe411d269894b2d
0,,,2023-11-02 00:00:00,00:15:25,,,,,,,,,,,,,,,,0.0005833819484957,dcc4d94d40d6d9c907102ae37fdf732b624da3b86f528b7af6da2618ab074278
0,,,2023-10-17 00:00:00,20:44:24,,,,,,,,,,,,,,,,0.0004167013917826,7c73eca597cd364782f52259ea511fa7b67ee2430a1cd1ad6cd886d585734b05
0,0.07678,,2023-10-23 00:00:00,18:42:18,0.0714285714285714,,,,,,0.0,0.0,0.0,0.0,0.3333333333333333,0.6435483870967742,1.0,,0.041049,0.0065838819901658,ac95ecc895e9da23ccb70c434d8dff85c4dd92a9f92208e8ed3a755eec10ce16
0,0.078056,,2023-10-21 00:00:00,08:21:30,0.0,,,,,,0.0,0.0,0.0,0.0,0.3333333333333333,0.6435483870967742,0.6464646464646465,,0.087,0.0009500791732644,ada9b19a8ec1ba2e86ec1a25a6804fbb24c3f917c61bcebec694e563cf9154f5
0,,,2023-10-26 00:00:00,00:20:44,,,,,,,,,,,,,,,,0.0003333611134261,2b92ab24cd429e3858b81e243715c996a655e2fe0abb6d223a2829b4a6cf0b3d
1,0.137947,,2023-11-13 00:00:00,14:34:50,0.0714285714285714,,,,,,0.0271856012391894,0.049090909090909,0.025030403593684,0.75,0.3333333333333333,1.0,0.0303030303030303,,0.018307,0.0009167430619218,1d1fe032f1fe9929b4c67900ca05c8fc2f23737e0348b11ffe023fde9002e4a4
1,0.113482,,2023-10-18 00:00:00,23:25:33,0.0,,,,,,0.0928114971021651,0.0545454545454545,0.0928114971021651,0.75,0.3333333333333333,0.7403225806451613,0.0202020202020202,,0.05,0.0007500625052087,150f1fa2398c35394bf6bae247b0cb136aab7244c25c626ede5ff61f541d37a7
0,,,2023-12-26 00:00:00,22:56:28,,,,,,,,,,,,,0.0202020202020202,,,0.0010834236186348,fcff737cad493950742389329be65a036e2fd5f0df327dd72c0f900bf848c654
0,0.259602,,2023-10-18 00:00:00,00:16:41,0.2857142857142857,,,,,,0.0,0.0,,0.0,0.0,0.0,0.0,,0.015867,0.0010834236186348,5004d44dc3b411837e9bebf8cfeb01612cf3cdd0cad1f1f72ed0332b5f8e31f4
1,0.113483,,2024-02-24 00:00:00,01:32:35,0.0,,,,,,0.0247133999531784,0.1418181818181818,0.022754191439712,1.0,0.3333333333333333,0.8370967741935484,0.0909090909090909,,0.012579,0.0005833819484957,4d06b786b11c85dda10c61f25bcefefcdd79b37c0ba4a47f437c2f7a55ee6fec
0,0.239864,,2023-11-21 00:00:00,00:31:38,0.0,,,,,,0.0,0.0,0.0,0.0,0.0,0.0,0.0101010101010101,,0.015757,0.0005000416701391,973a2dc06e4a166bac8127422e8a446784ee7cea3b0a93fc5115f8905e1d54b4
0,0.236891,,2023-10-23 00:00:00,01:04:07,0.0,,,,,,0.0,0.0,,0.0,0.0,0.0,0.0,,0.025,0.0003333611134261,9a797aad1c4532b84aec4ea9979e17213e62212f104eb030b0fb2e3c6e13a5ce
0,0.253283,,2023-10-26 00:00:00,03:07:44,0.0,,,,,,0.0,0.0,0.0,0.0,0.0,0.0,0.0252525252525252,,0.012802,0.0003666972247687,b22509d7d0a7d548eb8bcd45e881cfac1f2d61fb9f3955ce831a0712a8011fd6
0,0.122711,,2023-12-28 00:00:00,00:29:36,0.0,,,,,,0.0,0.0,0.0,0.0,0.3333333333333333,0.0,0.0909090909090909,,0.038,0.000550045837153,1da97a4fb2691cef2fa67af8a0dee6dfc7fac7f920404abfd7d1f9e4edad2bc5
1,0.187676,,2023-12-23 00:00:00,23:23:01,0.0,,,,,,0.0167387391253696,0.0309090909090909,0.0154117391876334,0.5,0.3333333333333333,0.9677419354838708,0.0909090909090909,,0.011272,0.0007500625052087,7f9c841335746efd02d4c50f51728abd771b460f78c4c5c4fab90cc502f861eb
0,0.1552,,2023-12-16 00:00:00,22:47:33,0.0,,,,,,0.0,0.0,0.0,0.0,0.3333333333333333,0.0,0.0909090909090909,,0.018,0.0003333611134261,4c2042cbccd2ced4412fc95c811cea56ff031537006dbcf2afaa43377e5afd19
0,0.130568,,2023-11-16 00:00:00,18:57:15,0.0,,,,,,0.0,0.0,0.0,0.0,0.3333333333333333,0.0,0.1919191919191919,,0.012802,0.0005833819484957,f3f34d833c64383d88fd66531a3954b9264000d8a724cedf35a496c800edb411
1,0.180957,,2024-01-24 00:00:00,21:47:03,0.0,,,,,,0.0534989971532115,0.2727272727272727,0.0492577478357129,1.0,0.3333333333333333,0.8370967741935484,0.1414141414141414,,0.0246,0.0003266938911575,c759911414c51fd275f226a103161fabec31b19f1bdfa038c3fe66aef4fe2c21
0,0.153826,,2023-11-03 00:00:00,08:27:17,0.0,,,,,,0.0,0.0,0.0,0.0,0.3333333333333333,0.8370967741935484,0.0404040404040404,,0.011655,0.0003166930577548,22f6bca5455d02f5309cca36d472e3cef4eb4ec7d90d781d86d3f3f4881a5fe7
0,,,2023-11-21 00:00:00,15:10:57,,,,,,,,,,,,,,,,0.0005833819484957,c3f5c254e4b54e6ea6778f1d96259eb9d829fb47ddd4027ed2d27f6a4bc539a7
0,,,2024-01-18 00:00:00,01:43:02,,,,,,,,,,,,,0.0909090909090909,,,0.0005833819484957,e5483aa63c885b745de03c5bb8ba889736e69faff0156a1e501aeefe063e4101
0,0.246943,,2023-11-27 00:00:00,20:57:23,0.0,,,,,,0.0,0.0,0.0,0.0,0.0,0.0,0.0,,0.03,0.0004167013917826,3539142abaeabd12ea976befbaaa8b379fea2eeac97b84a6b25c642d6b0bd233
1,0.156246,,2023-11-10 00:00:00,17:04:04,0.0,,,,,,0.037807691459538,0.1363636363636363,0.0348104045171352,1.0,0.3333333333333333,0.95,0.0656565656565656,,0.02485,0.0003308609050754,9b4b179ea7b07047298b2ed9cd15f46347b0b73d993c4a442e2458fde30469a0
0,0.31822,,2023-10-18 00:00:00,02:39:19,0.0714285714285714,,,,,,0.0,0.0,,0.0,0.0,0.0,0.0,,0.045,0.0006667222268522,cc113f025f672de82b691f24c7d2cf168aca745952c66b81461e8fb731a448b2
0,0.156958,,2023-10-27 00:00:00,20:54:25,0.0,,,,,,0.0,0.0,0.0,0.0,0.3333333333333333,0.8370967741935484,0.1717171717171717,,0.08,0.0012501041753479,bdfe79838eacec24cce4c62c6593e3615a6ffcdf2c9ded5a37c3f9bccc691d8e
0,,,2023-10-19 00:00:00,16:08:53,,,,,,,,,,,,,,,,0.0002500208350695,64282ddddeaa97eb6c199f9150b8968e01b5cd38a3c82d992e7f679e887f6734
0,0.108218,,2023-11-14 00:00:00,00:33:00,0.0,,,,,,0.0,0.0,0.0,0.0,0.3333333333333333,0.0,0.0909090909090909,,0.02178,0.0002796899741645,2f2b038ab9805a9425f407d10d898decf20bac5124e3c4e824a5413e03aacf70
1,0.169753,,2024-01-14 00:00:00,05:19:56,0.0,,,,,,0.0601177191329564,0.1818181818181818,0.0553517562400068,1.0,0.3333333333333333,0.9338709677419356,0.0909090909090909,,0.05,0.0007500625052087,7272d275c6fa430af6aebc0b1dd7a40b4f3ea91f7857c2798b18788f1dca898e
0,,,2023-10-26 00:00:00,21:22:49,,,,,,,,,,,,,,,,0.0002500208350695,f8dfbf2f206fb98d06306c811a236cdde541bd95e52ee10d9540aa96bcda1eae
0,0.394926,,2023-12-06 00:00:00,00:07:15,0.4285714285714285,,,,,,0.0,0.0,0.0,0.0,0.0,0.0,0.0101010101010101,,0.04,0.0005833819484957,bc7b1032a049dbc971585ea31d6a6e95b2afaef91c7a39aeb6cfb2dda72ebd28
0,,,2024-02-27 00:00:00,15:45:44,,,,,,,,,,,,,0.0,,,0.0005000416701391,72666d2300634a2466f0e113ab1cacca4d60467f788c7f1989b7595bae9d3061
0,0.228605,,2023-11-03 00:00:00,22:59:25,0.0,,,,,,0.0,0.0,0.0,0.0,0.0,0.0,0.1414141414141414,,0.197,0.0032002666888907,3fffe157881ff5e2423c720487cb310a1052639dcc66b6a3646e8cb1fd6d94b3
0,0.201058,,2023-11-09 00:00:00,14:31:14,0.0,,,,,,0.0,0.0,0.0,0.0,0.3333333333333333,0.8370967741935484,0.0202020202020202,,0.012237,0.0010834236186348,33a96036529da25dd6b7ef1e62499dad0bb79a2779878c8bedf40c77ad1fc059
1,0.197787,,2024-01-26 00:00:00,22:51:21,0.0,,,,,,0.0227175072702958,0.0181818181818181,0.0209165274887593,0.5,0.3333333333333333,0.9677419354838708,0.0,,0.010603,0.0002500208350695,34d2aaa0dfecd1415cc6cf2b30c85b4ba5745073e13a49004816f236acf2db69
0,0.4288,,2023-12-03 00:00:00,01:38:22,0.0,,,,,,0.0,0.0,0.0,0.0,0.0,0.0,0.0,,0.01294,0.0004208684057004,25ae80440b3f6255b5992ba61510c2167a80276f5d0e0ae52acedac0536e75b7
0,0.217077,,2024-03-01 00:00:00,14:47:22,0.0,,,,,,0.0,0.0,0.0,0.0,0.0,0.0,0.0404040404040404,,0.022,0.0002833569464122,bc891935044cade57e6093560094a60d82432dba6fad0a2d8299739b22c36ffa
1,0.162089,,2023-12-28 00:00:00,20:18:47,0.0,,,,,,0.0253434415201067,0.0363636363636363,0.023334285091578,0.5,0.3333333333333333,0.9677419354838708,0.0202020202020202,,0.01365318,0.0002500208350695,dcf7dbaf2e520a118b318ce93839f2727015a25c8402864aac3998aadcd87bc8
0,,,2023-11-14 00:00:00,11:20:31,,,,,,,,,,,,,,,,0.0005000416701391,26e15075e575dea7fc20391abbde5aa30f301c50b8ccdae5f6ed45db8e59665c
1,0.14001,,2023-12-02 00:00:00,01:37:14,0.0,,,,,,0.0234042380996541,0.0945454545454545,0.0215488162385216,1.0,0.3333333333333333,0.9338709677419356,0.0909090909090909,,0.035,0.0005000416701391,c31a08c7d0b42fa7218fa562ff32f894b9847791854979408462c6c2dcbab256
1,0.201497,,2023-11-18 00:00:00,16:42:00,0.0,,,,,,0.0519744383772125,0.0327272727272727,0.0478540517713956,0.5,0.3333333333333333,0.9838709677419356,0.008080808080808,,0.035,0.0005000416701391,b643e7748df05719cdbfb360106fd5fab789ecdac549deb59fcb2762a7506833
1,0.150147,,2023-11-04 00:00:00,12:58:15,0.0,,,,,,0.0843792384690439,0.1363636363636363,0.0843792384690439,1.0,0.3333333333333333,0.8370967741935484,0.1919191919191919,,0.05,0.0007500625052087,9765c242c42effea13cd90c756dc47c0373e738ebd27a46561255b60c00618c5
0,0.293401,,2023-11-25 00:00:00,14:45:49,0.0,,,,,,0.0,0.0,0.0,0.0,0.0,0.0,0.0151515151515151,,0.010603,0.0004500375031252,11fef17438bb1142ca2369f59c13d66d3acf3c647924b941b2dbaf4198065a7a
0,0.22259,,2023-10-19 00:00:00,20:13:00,0.0714285714285714,,,,,,0.0,0.0,,0.0,0.0,0.0,0.0404040404040404,,0.12,0.0019168264022001,b09172787ac7cc5439935eb9376a94e521440760e927e12a747235769aa808d3
0,0.044302,,2023-10-18 00:00:00,13:50:07,0.0,,,,,,0.0,0.0,0.0,0.0,0.3333333333333333,0.6435483870967742,1.0,,0.12,0.0019168264022001,7243e789d5d39341c12238a628906ca3e129d8d5a1a6d1b3102fad38b97a259c
0,0.191085,,2023-11-07 00:00:00,21:04:32,0.0,,,,,,0.0,0.0,0.009541384539936,0.75,0.3333333333333333,0.8370967741935484,0.0303030303030303,,0.04741153,0.0009167430619218,3eeca9a461da32024fc75e121f1cc05d38f53b11bc441f593e980c56a3701f27
0,,,2023-11-02 00:00:00,19:03:38,,,,,,,,,,,,,,,,0.0002500208350695,8291653a102fecbcd3539dbb97c3cd67016ff311a1bdf8c78dfeeab8f7b1ab0c
0,0.044943,,2023-10-21 00:00:00,01:48:09,0.0,,,,,,0.0,0.0,0.0,0.0,0.3333333333333333,0.6435483870967742,0.9494949494949496,,0.18885513,0.0040836736394699,fb35fa1e82bc0aafa286fd27d05d19cf6025f28bc68ea014cbc5e26d03f27ccd
1,0.062801,,2023-10-17 00:00:00,16:56:55,0.0,,,,,,0.0259456396379044,0.0636363636363636,0.0259456396379044,0.75,0.3333333333333333,0.6435483870967742,0.0909090909090909,,0.017472,0.0007500625052087,62ef0c51af36eb884ed03be2fed78fd1b62d0af53d55cf00eae95191098dcc88
0,0.134035,,2023-10-17 00:00:00,19:58:59,0.0,,,,,,0.0,0.0,0.0,0.0,0.3333333333333333,0.8370967741935484,0.2929292929292929,,0.019938,0.000358363196933,1409c4806b20b38006cb6927d83355531ee8a1fd10763342453262b044bf2eee
0,0.228558,,2024-02-06 00:00:00,03:25:47,0.0,,,,,,0.0,0.0,0.0,0.0,0.0,0.0,0.2929292929292929,,0.0289324199999999,0.001416784732061,9ddb39c8462378c80672641176a3e3b56706531b6b394e85e01db3a405c6ed8f
0,0.246113,,2023-11-03 00:00:00,23:56:29,0.1428571428571428,,,,,,0.0,0.0,0.0,0.0,0.0,0.0,0.1919191919191919,,0.03,0.0004167013917826,53ca48903f78782599818f6151a179217a6e5c6ec98bdaa4a838a30bb5ed90d4
1,0.196152,,2023-11-17 00:00:00,00:59:30,0.0,,,,,,0.0167387391253696,0.0309090909090909,0.0154117391876334,0.5,0.3333333333333333,0.9677419354838708,0.0101010101010101,,0.011272,0.0002500208350695,37c57fa78a6a007ab2c8b2931136e95e53bb22ff50c5f59d286b760605d8c340
0,0.138508,,2023-10-27 00:00:00,22:39:04,0.0,,,,,,0.0,0.0,0.0,0.0,0.3333333333333333,0.8370967741935484,0.3939393939393939,,0.04,0.0005833819484957,d519453cc2d666adf6eeb6538c7267b55a352ea9e10fa5eb6468a5398b2f6fce
0,0.118531,,2023-10-30 00:00:00,19:02:46,0.1428571428571428,,,,,,0.0,0.0,0.1169796109475689,1.0,0.3333333333333333,0.7403225806451613,0.3939393939393939,,0.1,0.001583465288774,ebeea89a164d930c37903bc02e1497e7daeb452f4289a0b5d2e59e44a9b966e2
0,,,2024-01-16 00:00:00,15:37:12,,,,,,,,,,,,,0.0101010101010101,,,0.0005833819484957,29546a0977ae9472bef8848a0e9b62d1692592c5ec1056a9dbb723fc921b92a0
0,0.183251,,2024-01-20 00:00:00,13:45:21,0.0714285714285714,,,,,,0.0,0.0,0.0206900410980184,0.5,0.3333333333333333,0.0,0.0,,0.012106,0.0003333611134261,1ba8680ddeb21f33b8f29a39d33767975596aabfe50ab5c98d20ccf50a1ac383
0,0.099954,,2023-11-30 00:00:00,23:17:26,0.0,,,,,,0.0,0.0,0.0,0.0,0.3333333333333333,0.0,0.0909090909090909,,0.052,0.0007833986165513,43dc750b9f2037ed4bfcb9ef1759ad47ec3274f6c2d09c0d114fb8282a39c411
1,0.175839,,2023-11-19 00:00:00,15:21:28,0.0,,,,,,0.0182669361120551,0.0181818181818181,0.0168187850355747,0.5,0.3333333333333333,0.9677419354838708,0.0,,0.05,0.0005833819484957,4ed30f078f61b72b26840478a6d4968b9bad3ba73722ac98aa84c7b0fb7239ae
0,,,2023-10-30 00:00:00,23:20:03,,,,,,,,,,,,,,,,0.0005000416701391,ea98f44f4db44ff44ce5f2d52ae55cfdf9dcff0c4e3c8b974c1dbffed1b0daf9
0,0.313053,,2024-01-31 00:00:00,10:50:50,0.0,,,,,,0.0,0.0,0.0,0.0,0.0,0.0,0.0,,0.032,0.0004500375031252,18e4daf9694a6e885f26aa4d94f225ccf604abff72a68a58cc6ed04bf0ed61c1
1,0.094687,,2023-10-23 00:00:00,21:18:30,0.0,,,,,,0.0599196965227393,0.0818181818181818,0.0599196965227392,0.75,0.3333333333333333,0.7403225806451613,0.0353535353535353,,0.035,0.0005000416701391,7c9a9fe18c049e58349be45d293a62f2901e87954e6e7233566d46f1fc8bb745
0,0.284658,,2024-01-17 00:00:00,11:00:32,0.0,,,,,,0.0,0.0,0.0,0.0,0.0,0.0,0.1919191919191919,,0.024,0.0003166930577548,e556a38451b5a096b9974b7378b5828a30d5c0828d5dea9db82560a1592eaf05
1,0.104622,,2024-01-10 00:00:00,22:54:19,0.0,,,,,,0.0501182084351692,0.0181818181818181,0.0461449784938458,0.5,0.3333333333333333,0.9677419354838708,0.0,,0.027,0.0003666972247687,e11ca862225bcfcbcde507b627a33910c9344188b860bd2649bbc972957a44a6
1,0.091494,,2023-10-21 00:00:00,16:02:48,0.0714285714285714,,,,,,0.1336485558271178,0.0909090909090909,0.1336485558271178,0.75,0.3333333333333333,0.7403225806451613,0.0404040404040404,,0.09,0.001416784732061,0dee4e452a6ec4e5322442ed1c8bdeb8c5fb1423cb301d7ea21c0805a3644c15
0,0.260152,,2023-11-16 00:00:00,15:12:54,0.0714285714285714,,,,,,0.0,0.0,0.0,0.0,0.0,0.0,0.0,,0.011517,0.0002500208350695,ea964e7bf00abeb6dca4904bdc25d892edc5650be1cababa74c0025e0a30141a
1,0.129405,,2024-01-23 00:00:00,14:35:25,0.0,,,,,,0.0192156923600322,0.0272727272727272,0.017692326569196,0.5,0.3333333333333333,0.9677419354838708,0.005050505050505,,0.01294,0.0002500208350695,08bc9042025dd99dcbaa200a715ec06f956d8532693b51905fc1f3d07584ecb9
1,0.085099,,2024-02-06 00:00:00,17:05:42,0.0,,,,,,0.0312560066097285,0.12,0.0,1.0,1.0,0.7403225806451613,0.0909090909090909,,0.045,0.0006667222268522,ed3f65c759cc94d93c2ff58f0773d611bca5210bacb9a98e6c7b3bdbc03c7309
0,0.205464,,2023-11-01 00:00:00,23:44:54,0.2857142857142857,,,,,,0.0,0.0,0.0,0.0,0.3333333333333333,0.8370967741935484,0.0404040404040404,,0.2,0.001583465288774,6da0f2dbe57e4e0ad9338e58f0185ce6ee6b839e9381f4e34a16ca9a55c531a0
0,,,2024-02-29 00:00:00,15:08:48,,,,,,,,,,,,,0.0101010101010101,,,0.0003250270855904,2bff6ebd4a90d03bd3d46f52845bcb47e0091f1f85bc4b906875e1046e1561a8
0,0.397992,,2023-10-28 00:00:00,03:34:03,0.0,,,,,,0.0,0.0,0.0,0.0,0.0,0.0,0.5959595959595959,,0.015919,0.0008500708392366,d0300183af247117d8fb84c7019620c6efb4364aa5a695f77306169b949538d7
0,,,2023-10-17 00:00:00,18:20:18,,,,,,,,,,,,,,,,0.0002666888907408,03edaf8b4fc7de77f0de1acfbdf661f5d5d2b30c71a8e960aeb7d64d0692e1bb
1,0.101804,,2024-01-02 00:00:00,21:16:25,0.0,,,,,,0.2227475930451964,0.2272727272727272,0.2050887933059814,1.0,0.3333333333333333,0.7403225806451613,0.1161616161616161,,0.15,0.0024168680723393,969ed60aac393bf43e1dfbe221cd994c877473054c5ead949224d201fffa4993
1,0.086304,,2023-11-15 00:00:00,20:27:26,0.0,,,,,,0.0235904550874399,0.0181818181818181,0.0217202704697254,0.5,0.3333333333333333,1.0,0.0,,0.015886,0.0005833819484957,6b90e9f6915c591ff0b32c6040ccbb56c798e7697aad8a26b1b3d80ae5805f17
1,0.070605,,2023-10-18 00:00:00,12:43:44,0.0,,,,,,0.2432934597816969,0.9090909090909092,0.2432934597816969,1.0,0.3333333333333333,0.6435483870967742,1.0,,0.5,0.0082506875572964,3465836696fb15f3128db5cf8622dcac71c6ab9320ee542a1e02fee7eb1c309e
1,0.049805,,2024-01-30 00:00:00,21:55:00,0.0,,,,,,0.0473575857723159,0.1818181818181818,0.0,1.0,1.0,0.7403225806451613,0.0909090909090909,,0.1,0.001583465288774,3c9d8fe0da722b8225fa15f979787b02db34f50a48fb87bbd94e74fec2653937
1,0.118795,,2024-01-26 00:00:00,19:50:19,0.0,,,,,,0.0843257047975153,0.5454545454545454,0.0776406012077076,1.0,0.3333333333333333,0.7564516129032258,0.2929292929292929,,0.057067,0.0074172847737311,2e37c9c48f7e41cc4e355f86b6b6fb1ad7f62700a83a9d5e210f3d06e41ddaca
0,0.300593,,2023-10-19 00:00:00,00:34:59,0.1428571428571428,,,,,,0.0,0.0,,0.0,0.0,0.0,0.0101010101010101,,0.020425,0.0005000416701391,420f2fac2f546318ace664e55f6538c47e7568b1ee8ad1585f2179c5cdbc23a1
0,0.136888,,2023-10-28 00:00:00,01:10:30,0.0,,,,,,0.0,0.0,0.0,0.0,0.3333333333333333,0.8370967741935484,0.1414141414141414,,0.02001,0.0007500625052087,10143746f25e6d20b3459ec4187365e1ed2f68d8547e17efa1a9f074f2beea92
1,0.13368,,2023-10-20 00:00:00,18:10:10,0.0,,,,,,0.0157452848603881,0.0181818181818181,0.0157452848603881,0.5,0.3333333333333333,0.8370967741935484,0.0,,0.010603,0.0003333611134261,8c67b2bf4d61e491609f4fb140bf67ceb5039c0f723ddfa776edc1cc1e6f4a29
1,0.175595,,2023-11-01 00:00:00,19:12:31,0.0,,,,,,0.1143533425763684,0.0909090909090909,0.1143533425763684,0.75,0.3333333333333333,0.8370967741935484,0.0404040404040404,,0.15,0.0024168680723393,c433795d7097b76f58e57a102eebd65aa0f992aa11fc60b9522187749314a9d0
0,,,2024-01-25 00:00:00,14:20:26,,,,,,,,,,,,,0.005050505050505,,,0.0007500625052087,c303c132d3cd82ad7fc0c0f8d9d8d8b1d8d8b0803c0ecc3a15c39540ba46f9cb
0,0.128076,,2023-11-01 00:00:00,12:35:43,0.0,,,,,,0.0,0.0,0.0,0.0,0.3333333333333333,0.8370967741935484,0.1919191919191919,,0.025,0.0003333611134261,caacdae633e536ac25b8459ab846256d08e965952be0b9d545a0fa20fc2aa0fe
1,0.199576,,2023-11-01 00:00:00,04:33:21,0.0,,,,,,0.2768010089574975,0.5454545454545454,0.2768010089574974,1.0,0.3333333333333333,0.8370967741935484,0.2929292929292929,,0.2,0.0002500208350695,ad004f950542a54d5475f1e03faf414d99c021cf96837fa3a0c631b19c4fae74
0,,,2023-11-23 00:00:00,15:02:01,,,,,,,,,,,,,,,,0.0005000416701391,f8d8201148378be756b705e871d136538eb84e895a63961e82045ecd06a412f7
0,,,2023-11-06 00:00:00,13:29:38,,,,,,,,,,,,,,,,0.0003333611134261,17fa31b7f7231587f31b585f1c3392ea418bcdaa0d6c1c28a100b175e3105567
0,,,2023-11-20 00:00:00,20:51:30,,,,,,,,,,,,,,,,0.0003166930577548,7dc149085dc330d096971ccc3aa51d93c19807a0ecb7ea10368b80d8e4d7a69d
0,0.254295,,2023-10-20 00:00:00,20:13:49,0.0,,,,,,0.0,0.0,,0.0,0.0,0.0,0.0202020202020202,,0.020576,0.0004167013917826,4df5035bd45b37316eeb7d3f251d73f8ca8844719b1a35d52a515dae9b1deb37
0,0.235032,,2023-11-08 00:00:00,13:09:57,0.0,,,,,,0.0,0.0,0.0,0.0,0.0,0.0,0.0909090909090909,,0.013863,0.0005000416701391,24cae9abaaf97edcb92cd42691e6c3c824f337b76cdc3c733b638d579471de25
0,0.16591,,2023-12-30 00:00:00,17:07:21,0.0714285714285714,,,,,,0.0,0.0,0.0144970431694888,0.5,0.3333333333333333,0.0,0.0505050505050505,,0.010603,0.0004167013917826,d8a041531c7621e636d9075468f6ea08a3d3099e7d4c0e28f052dae7c64a3ffc
0,0.274038,,2023-11-15 00:00:00,16:03:50,0.0714285714285714,,,,,,0.0,0.0,0.0,0.0,0.0,0.0,0.0,,0.055,0.0008334027835652,c6ff161c0242af2a6c4e94ff36df038e7f1514093d3c5886f97fc92a952813a4
