id,churned
d1f60a23b32416729391607a0fc2eeee438e4c3dffdf38b8389eb0cee616bef0,0.01094296026595336
ab4e0a8114c9f36250f27e86f98be1534a99624226cdd11c9465a6a4d100c16c,0.0070687708344962415
9a797aad1c4532b84aec4ea9979e17213e62212f104eb030b0fb2e3c6e13a5ce,0.03293262420586398
175f2548bc3ccdb286204937a1bc4355f0fcd1cc623f14d26bb9bdb6d62257f3,0.02902041906110777
13573c301d8f50f5739994803dcf5c5ffa9cfc0b198dcf7084cbb22a8d871042,0.0032547567518236564
fb35fa1e82bc0aafa286fd27d05d19cf6025f28bc68ea014cbc5e26d03f27ccd,0.021265605887039348
553c5f854a7d3a26cd2aba550e2b43560dcd672bd14c956fe5ce10b624ad8448,0.03704791678662357
b72ddad3b24070cc1854d9bd529f5b851cc5b6572b9430d70323fd11439aef2b,0.05002543753187529
c7d0e8fdd45400a676ef12a716d341103ccd96b7486620d1b63bb73bcb6b8ee5,0.05941731668911175
efd1b2d2e5e71a5743bb7cd51752b461dc4923542f68812afa5643dcc21ba76d,0.24160267848432504
4f764c1297daf5d05adf45c8a47827abf91c6de71df1fe7256d1417ccc2d4651,0.23992341437910492
d30664ac17cf4f39289d22c0003e8795428f7ac1e382031f057438ea4f566a61,0.04259890476542143
f960c63d5854180b83ac14a7c87aae860819253b32db0f4e1eb138b946a67eb0,0.004172877819948835
7272d275c6fa430af6aebc0b1dd7a40b4f3ea91f7857c2798b18788f1dca898e,0.01650614959531273
eacd5a637ebcd8bb8aeec28248a886532c607eb86613d3707d865cd3bda39b8a,0.023651975846916175
1f8d2a29bfd4e375bef3f81e885c75849b83c01e6c8ebf3caee98adc5b0d065d,0.013162362703736795
60995282a4b4d24a7bc811f26e5cf69d4f1784c1c30157ac59a53529e6e1c603,0.04713499880468568
cf9c81848ba1d05a9052f4c785855c44c6e77b4cb58614f3accef23d7769d56d,0.09200792262032188
626df8b22790db1ecda0e52b5180f96663732bc9920735806962b77933682c43,0.009961554652845388
d0313c53345293ae996068b6842eb0aab534e4ba2a449c5bbbd55f0b03a2c822,0.9970760116211119
7a4fb493bba9b2bcafcbbec95967fad9ccfc11d23de806bc94441a1dacf108a8,0.0512467964177316
09e2d66378b805177a7cac9ad7b4bdc37a7165a60f8c64edf8690177f27e59e3,0.4067737603245806
004b5d66d97aa1114c68f6df5340d7c18e04941d03a6d4d6421889bf391db1ba,0.055891364466054465
e471340c57d8bcdcde845cce29d181b4ad013b3fc3041ed2c603bb1e78fce0a3,0.008956765956248496
341e621c6240614fc5b0830141b67b5fdd8d049fcda85b89fb767f81f7c10ed9,0.24344536542956222
4c2042cbccd2ced4412fc95c811cea56ff031537006dbcf2afaa43377e5afd19,0.12313404584210148
1b76cc3e8460212e4ddb8108b9d4b3ca8aa16b3c43cf7a1e5c380f004a999b0d,0.025132661791539813
946a14c1fe4fc641532698648f35c91587b610715e82bad794985b487f8bff22,0.035021316253930436
f1042dad3169afa0c9888c58414f5a9ef762946119f19ff794034a0e50a61e69,0.01005001411116269
7d08e6d17893c5f991b53aa38c180584d10f9f4967918607a250002d7c6fd1fa,0.12856927016456157
2f7d3bb89fe1b1678e15cde80832e454cffc9e26f8eb88facd9a9c47f9a62525,0.01119818088134014
14c96e71d2e2739382a45936753671e4d13a5e747be1bd0dbcbee2e6459319e8,0.01848299562130855
1699d44d1ad37cbd666aa28c7597882d44a14fc2f97982ff300875ea05a8b44b,0.009627067557982172
fb93c14bd7a79b024dadfdbf4d72dfa0b85fb1c9b20a02d760709afc27a1e531,0.004245914026260427
a3a11efb70a61c2a3cae2d06973f962da274ea7a8ed9ca25eb514ea244ff8a66,0.013547842513942322
70b52f36fb03ef18fd89578de4a514d67fd0da2d7167a5052e9024609518f787,0.010543322954369848
ee08e68b721c0e2d2f2a38517d6d37b8df5efc2d1422ba7d75492d6b9d89d8e6,0.04511535618291297
cb9004854df6aa3c4f53b1590b316a10ff3476d137afd28c977b1cd797264dc3,0.05666568765322991
a475cf0e358ec38db24a7111ba63ff037e67e0808065df810e466e67baeb8506,0.009715144029552397
c2fc5d0170759dc9cf02c31f9abd6b77f4a9d162661c5313922e2029ec5faa1d,0.008614918481729142
ab055e7cf67e93660298c89516bf704787e6fdd1115528da05f120c52f678dc7,0.018350615112592755
de86e9e049ceed423226863f22b4fe4980f478e312422b8190c02a2ae9b43f48,0.004946913578558608
fde48eb0ee6b412149241ec924d37a7800d5b74da0e48b9aadd02a3f9cb9f95e,0.021700750867784106
520b5c70f3be7f5b7798f02d367ccad2c5cb363f2efaf29ab8b80c4d99fd59ad,0.017964177078527033
b9f3911e6f7155ffcf49b7c8d6b18869f0960205763dcd0484db8e8c33f03881,0.6435229590732866
f509fd8b921de6d49e7d90336f61f6f115c3d5499fc401f5b8672f3b2c7551fe,0.4237882912149031
3fffe157881ff5e2423c720487cb310a1052639dcc66b6a3646e8cb1fd6d94b3,0.04857219563812241
ae59c650c61a1a990ae420ebdc75cee9755cea721b9bfaffe7afd8932dac5909,0.0062772115136506676
bf7592f3f92e15b0cadbd6b07d127a4dddf4eae645b29be9bec2ecf40732e13d,0.9658254534020373
ae57bf2e02c6226721a688091e0b6264fc8c333717d884c6b96a0157f9de757d,0.01571633391224762
f2f322b97f56bc68e211a4279c9f7fc96c78ad36f4a36c5643b11bafbcbaf31f,0.019422417067298733
27ac6aef402099deea06eb6a97416ff5fb50ba824e311032f179cd4966b1b8fa,0.03358502644119023
9f2da032613afa565dddb33203afa91dff3d443d2313b0d7085f5db39ee8e2a0,0.007134195591003892
758c04e047a0b65220e697b29efe649e3c069ba46b1629432eac8afcffaf1560,0.031201354685368082
7c845bfdc7c5c768aea2200eee2c88d7a9113f2b55701efeed125c6032ceb5f8,0.0036195325840289137
b2997aeba655034cd866930a9302f59757aadcf5d9d6cb35ff895e4ae7c6b4c1,0.011503746961242511
a4d04d3eabbf6c9c1833a25cce675c04018d8f44668113792c691cb02d480bcb,0.00630519478048181
7019f462dfc37c1baf66743230a232c6d7009c51ef5213cddb1236cba4a09755,0.06992215870624796
cc113f025f672de82b691f24c7d2cf168aca745952c66b81461e8fb731a448b2,0.08907037135107976
c433795d7097b76f58e57a102eebd65aa0f992aa11fc60b9522187749314a9d0,0.032723040616565544
f05e099d90e1d6e465fbbfb6dac40c5bd12f0afc2397cd095214f1158ae40a09,0.042747013866158375
1fb41474340b7043db28117b7fdc5aa8f7911f1927ee7c9cf65d7a90fd04eca5,0.021260337263501825
a9c3487b7602e6e34f05e828b54b1e146fe1a793bd99ae607b9b7537aa03a8d2,0.016831685274634436
938ab812776bd6e26bba89d73e98f39bb0dd3d1412eb92e73c3e8a566d51d1f8,0.056490825270514376
bc891935044cade57e6093560094a60d82432dba6fad0a2d8299739b22c36ffa,0.013789347899203016
f2a32457b93d8103ff6804035607e68cb18fda01bff9b9ddd4c21ac3f4c18c0d,0.4440036396041251
30c0371e01af9b2e18e536aad3978e81a2d31c56b151c20c4a955c03f549224c,0.04961062124592199
481e477e452c624f3a0a188750fcca83b6d00c1e9dcbf1a46c291995164deed9,0.0038885099055321485
7f502e4c70bdc00839e1924de16eb334bf2521f128acb3630deea20aa2da591e,0.04988316788024441
99cc74fc8e30d6ab262a0ba6ffb5210ce91f48ee716daa61f5eb0e95763795a0,0.034343342405407346
4682ce73d0a11ffdffc4e90a0f5034324b2dddc3f23e0e11c8e0452a2dac6dda,0.06412348282847315
bf9eed57110030b18c6f9c89099f67731ce99ab8fdd2d22874414e953d0a75e9,0.038571231300346655
ac47eda242107c5ae0a99435b59804bc4a9bb8ad6df03e6cba2ce838800f302b,0.9913487926991214
ac346591de0a8b348317626d4a8cc04b9b37ef784cdfa7b172e8725630c757ce,0.061778729431119804
1f1243de1c880c323f456b9b9ddae96926c14ec168dd2213247929fa39a06275,0.014059916259510578
4d2d28ee043f02a5a340c7793578f3a619e746e26ecad51b0b28b99bcc5ddda4,0.05131865071138372
efbd63fb3467162fcf3529d79969b3f8125316cfe6a733f05c8f540b8d13d4ca,0.025229698053936826
ecf07bcb67615daf9d755aac55c19dff7341eb1641082d22f3e8c985d4c1aef7,0.04854860377432324
467a9ad51bb9e37987b668bffbc548ac9a7cba99c6fd6fbb090c4215899f2e6f,0.07333793477295782
64d60c71c8482aaa1db26f070b6bd1b8732d2837c23456954350da336eb4bf61,0.008526421975636965
05c9814a28f495368e7d605347afba53a0b879ad07d1085268d0baf3f4d407f3,0.005372075842356526
a7fc5c2d2e48501a4573579cace59d2ba20101a8c48a4273024b6d94243d0193,0.015612949001646344
8fd6f81907b579ca3890b2cc12bbe30597e188de9c8203f37fc33b1ab3d80e4e,0.03781084258269329
ae2d0cd5b1be6b17097ae1587ed73b6d32fadf25a49e995166b7bd02ddee1c0f,0.013833187471009405
a3cdc220532150c9d32635bfbcf80b9b066c5d9ff1fe950dbc9b89e8b6e5fccf,0.006178029975551692
4d68e0c4a6efe7250551381653446e2ad8ad64c1ab70a6205e787dbb297f6b17,0.0304700036445759
052c44dbd79140d194c30821713eda78ad851ae9274b16c75cb18fbef956676e,0.03309031122178461
068f5d044377fd617b8e772820b1171b009f05c26ec6ac576f457914cd4083ca,0.00427684092808829
3c9d8fe0da722b8225fa15f979787b02db34f50a48fb87bbd94e74fec2653937,0.005218481551626126
f2789a913b4f580da5f73624f4a6eb79b13ca795dd6466c5933cb56749bc1201,0.04231671366695054
edbc286c1276b8e0ba7c02c3cbe835a2942568fbf6f0d9033ce7a7ce45190792,0.01080389481643082
bc7b1032a049dbc971585ea31d6a6e95b2afaef91c7a39aeb6cfb2dda72ebd28,0.5535640616610256
4f0b88ca1f0a58ba6f148a2b9a766e460625b444392ab42a0b4ce12a413c16ff,0.04215585453648455
3e6043ca33f6064ac468de79617a63f94b80deb224de3448db674b7e4cb7f433,0.013016124032719628
f8acf3a6e581b6918ac9d409f300b70c4a5a85d0b8266a0c279e0e3e71c4b798,0.04875656682854237
b15177f60141800ffa27b79c56164b06d9d1be41bd07c032545d0c8b65f35916,0.013847023795310049
68a5fd952a5beef8fb2b12512b87d35bbdc9f83fa89dbfb63b2f0b85986a128d,0.04320560454898284
25914b9619513cdf81da8642baed4c93e17ea5c35b80e80d8ed0dd14945997d5,0.9928227462768094
51b43720f9ac0f4b1947baa1940660769fc844d827d86a1240a328f5b69a3723,0.011705670650940605
ac223e4780b5860ae97ae57dc4df42c1525517cdfaeddcb58cff767bbeb04f41,0.04297281227388836
db3185100db6ba373b426b69a97bafca3c07d69775f70377c93caa03cb9dd10c,0.05119689984389713
36f1ebb81d87a36d74611086e0c09d74707ddab4da0450501b7c5a9207e89e5c,0.03691558572605976
ba4c93e00a13829e923eb2acdd40748e2e9a61cf0c9f19b402d73d05b27ef2db,0.07079440814172569
d8a5b97d41f8fa7e2de282c2c4cf4a82d1bcfad823cb3ea514d2fbac1c242f65,0.0731401263938577
e8068c9ba43e7efdfb4b61ed5e6fbfc3dd79c4aa8d61eb7c7153b345b75e4510,0.00845420384311319
5c8f221a1f74ddd3d74516a75eb7cc2e36a0e0c3e74a3f32a27ed3b369b3ec01,0.021575311894933537
1dcf6e8ae6fb44e1dfd4ea17d2fc21ccf5bb1c4d18298149a452bb0b0aa0e87e,0.17364394812794987
08bc9042025dd99dcbaa200a715ec06f956d8532693b51905fc1f3d07584ecb9,0.003307344293627045
011abcea2ddbf509055286ef5ab0a7022e0b8594359105ff001425e95f9e210b,0.011347804130615827
72c3538b8fd2c2df9b9d01d07b51d4a49b2420f715119780158844c1c732cdcb,0.026496711424166083
6d2a3f117eef80f550c11e63fb53408fa20db5291277407f784f2035dfe39bec,0.2852316271729367
3f5b16f73c78481d5125072f5bb1ecf25fd5b620ef65f1a6cb938ab5ef44c4cd,0.03488289776505194
98b18a0fa9e909cd8ea2d4b4bbac40f233d1a551944656e379c0739728ba2af1,0.03313083711757071
a6659fae483a895f04cbe9c420850c4e5a55f6c944ea8d17c2d378b950d38769,0.010396608833493866
8930f9679d09411e7cef2c4140d6223d286d589bd44d7facfe301e8dfd099a6c,0.057105930372691044
158edbdfa9cc505aaa863aa9955767170fb9906c69fb7da6e63fe0cca67d07cb,0.007055443633943016
6bddcd42f48093439ac69c3be264cf149c67446272192b112b1e3234158b4051,0.08015820781081344
f5c1b6e075f386076d5d833ce2cf0b05221b677fa33cfd9f424a6d352fb8c7fa,0.033331565527071894
4d06b786b11c85dda10c61f25bcefefcdd79b37c0ba4a47f437c2f7a55ee6fec,0.00449121839953842
7f892ec43bab62e09f7c36c8b74b9d8c63e8f8619bf55d436518835313f79ba2,0.03358198360806236
02ba0f6dc2b8d8ec47db9c4c3d5c6b7acefaa2d16e04efe5ddaf5879cc114b3c,0.03769194976786954
f2a0c874e74b6f7d99ab3dd48abf37cccc819cf145b255a9fd768009561f3bf1,0.0062772115136506676
e5a7ada700ece1b0ecb2222aa455a4a05226a9ec3174874d53803038a01cf57e,0.009970753684787186
49a0682a30673bbb4e082574ee4872f2af231c6cb4c10aba8e24d6d95a34434e,0.05663524092385748
915a324c488506de81a82735e9e3d29727b5a3a799bcb6120559234f96fc1004,0.25278664085886093
c21f550c0dc42ecf7e1a1e0cceb4ff8f42c865148ca753c9cd1e8f283852057c,0.029646994049437478
9e02681c0e48f662007873c000edf3d1deb9b5ea5e0eeb198c2ab688072ed372,0.006062496339177142
2e4034cf44fac03bc1ec3f835a8b0683da7c7e0961931b5f618a16a3f2488763,0.00666343652031885
ffa95ee3e6317bb3885a95a328204a5418d00ff3f5e9e056b0ee8059a6e260e7,0.0479791061926062
50d4fb2a6bbed0373d323f16f8fd10443b77ce18005b7717a2a5b16a64b21275,0.010486026998891009
019a10cc88fa09ed75dd637750c9f3c847f1a949716be0a6ff9f5eea2889019d,0.049011553487395415
0e352edf4e3b3f711a41d8dc160bf79af2bdcc157a84d66ccfaa055d9c046cda,0.06062839840144059
77ce214cd63ad238f57fe6584b3072f3fd320293b7d1e3e087c90e754721bafb,0.03002128045659704
c69b572f50a2593abf00f0b787c55a4e4ba39dfe50fdbb26d709fc99da3a40f2,0.03333558158678232
e2d19338fdbf4d60bbe0221f886e8a062275662d3f4c05b7dd8ffb85332d19b8,0.09132481504294422
6cae42105db788e47036582ec518b3a6268c9446de3675ff9b229084f3804330,0.01123515421198967
1867a2e7f98d300cfdc82add365dd91f14708543b120e5bf69075b2a6b9e20a1,0.8856568098902523
163cb58ef2afe60402fce61c06460bad703d37a3364ab7c9967494cd2be6f34c,0.010722747701327537
181be3153df6036f6f72a607e8e7d2627b6c7f791b8d2f9c6e761ba131cb8a7a,0.05182638303619292
fc3e7f32630f13d9437dcd7ce39eaf41be4a898189eafe5c2e97ca068055188d,0.009724084294563996
87b853ad93d6e9db63c3eb0192a72be917ce0d0fae0d9354dced5e5340bfef2c,0.2635925062242034
948c7a26652c36420ed4ae5cceed69095573f981e4abcc97ed46808fb005f1ad,0.02138220192445767
22a343d5137cd77eb70bbc9825e7bee8673692a50d1452c6ce7087c79e9561af,0.036751689565243335
7152ab21df4a0a240822b6c1dc2ff1282b0227ec730a3e99c63beb4d043ecb37,0.01991287168732832
da798f5a35f7f31e0f8cf0ce58b5475570b27f26696a391f1f2759af56bec4e1,0.14510409150534512
4aeae80756e2096b954a1ac2dbebe71709c56a1dc697dcf61d38294f604b473f,0.10263531011946693
4e7d21ad821a21cc7a40b9ae5cb3e79f790567dec7c136c6af97d2b876fb1f2c,0.0036340456237095565
4db60507dd402a3a51ac75b8bee2c9eddcd243114571197ec8ffbc9649cc3ddd,0.02285348176925952
d4074921759ed9ad3ec9db2e8e0128def94a75c34fa9e95a0021937518744239,0.09637234117451411
2af3c67e28dad73949edbcef5eb267b3250e1d1490da22b136cc3424f7388a9b,0.03229932616283419
dc01d7f3f696964759b62fb3d0117f889eee1eccbc47e4a9ccb03004273104b2,0.007023862463749042
2f96da31b808cd5183328bef60a7d8b5fd2a579d50024913a5a49676af9db7b8,0.058846175698258715
15f21b254b5e9c7ef65e96a0763cb05b65f4185115455ce1fd4b56721287ffcc,0.024244976084060264
3e68f48f99265d9f51d2fa32d844815d5763abc1ad48f2ed5c81b786c2f59961,0.02735333907446743
4a69ce42de9d500d461ad72f2ad7d7aa6c947bfbf86644a724543f0db1aa573b,0.04209928023727972
f0220371d8cda27c2cfb4cb5b0d5a1f9aab901ba8b78bd1cf6870f353a918abf,0.05023765742892384
27fffe63296d193bfe2f77dbdfd04bf6849ff071a2841d86746791209455d9f4,0.024450235309542885
18c1ec7996ce536dd08373a25f1084efb63492763b2ddffaaaf85cb2883c1bf0,0.00822845915163785
01185eb7c0ae220fddb0a30eeecfbc19a748e5764e95f45d96e61dc664c9117d,0.010638828376774908
38f5f380bbc23883243b06f49cbbbd71100ddadee899f781780cb034ed1896a0,0.47887260868544623
47e9ee1202b412406f68df45301d8213f46591d2063f3074edf9933ae9fc1e5c,0.04693838648010261
e83d6ed29e3cf30594ea1968ba2355aff719d8e4907aafaef7e4ac3c81847e54,0.008820464441188374
ece92249519963b072d0d0122819a4c04c7b3ab14dca3f1d193c67a1e5856e58,0.8787157833532036
8efdc439980ce504b3fba1a01b992c4f70cb0b1eb259d2e3469a5a9b06935e8d,0.5557458229409277
ff76cf522da0210152c9e99b14edb555a3ef5eb9d0fcb43eddb1c6236e86f92b,0.03474218274061115
c5cd7810c4dcc14328726807309b5f88046ed2d985e4eff4e12c769020592d05,0.01659599014069306
7145a791cae06a6fd04281c6ded6427c8b06e45b6b18edee8ee301b14fd53719,0.016564934392476156
1ba8680ddeb21f33b8f29a39d33767975596aabfe50ab5c98d20ccf50a1ac383,0.053062828274949035
5fdbade6c6f31f747dc7a7220d2d28bd55eee944a2a8f75fc3e97f4a75cc08aa,0.15800820466119195
d3f5ce7f0c5f1ee364261baf2120d82adef94608076004137b43f2500da0bf85,0.023716403325919445
3c9cf32e1a97b63d97d5ec795ec11bdeb154b776f7114ee7712be31d68b37603,0.050822512535075394
1a8056e207f0678abd04a3490fed64e8afb3eb7def81b3b4db0eaf7319b162de,0.004472732934763072
8bd7a7daabfa252280c2f24ee133838a2d9c05be06f492c7d02051c974de6c1e,0.053056539058521146
b201b7eac9ff35da8ad9a1678cbaf4637bfd515c064c5953de172bef85225c3e,0.0101796691353773
215e435881c67f3d6413feba647df7738c388b169d3534c28fbf5100ef86adc6,0.9849290486826566
1eceb880f563da5ba27af6ccf86303722c60e1091737d67068196077e04e8a1b,0.19027269559058063
35af686407e185886417c435a0494dcb0439c6ababde948b4ab3d78bf502dfc0,0.007233536629501002
8958e8f119be21dfa72fca3fcc8c5077759e85e853bbe4e4976452322ae05cb4,0.08954135841410855
44bd50a25cf22456ad22182fbdba5c0a9f7ff958d9a43f109ffd8dec50b1f83e,0.9746329304383423
926526aeb4432853ceab7c4641806722e5b5e00344ed66c96f0eae22b5da315d,0.0031738050952110834
58b04c1059b641f2cea60fabfef9c654bdb1ec1cdce5385d358d34f2be4d3823,0.07287961301777302
9ddb39c8462378c80672641176a3e3b56706531b6b394e85e01db3a405c6ed8f,0.0025134944631128916
8dd33463e9aa3bc5def298c1f8cbfb1ef18f0f6503cec50e632dbaa994734bd7,0.006598143759217023
0e4df3a22357d000f93432abddc96bc659b249d526f840b9203838d434f96267,0.0037064157331433735
f104cf249cefcf803fa17aa970f0f8c40051bd561ebe5d79954522a246d9763e,0.029239557659108673
d98d7418ddfd61d3c4b92361e549a9140662fececf89bbb76fa860418d3ad6b5,0.007300235097131446
06546fb7515e66bcfab6570a355607c90054a7e052a6ddea11e5293eb84229ac,0.1988170197246413
d528eaba0194140fe44746539a19b53b14a5c92952be1d4ef7f4534da76029cc,0.029926485422812718
561b09bc97b00701bfea10a25897c5d44509c8ece1c803d5b30ddfa79baa6107,0.022008583246325635
76e667b55ba13f17ed2c9c38d7db46ea1978d0b92e01c9ed1430bfcf03e49b30,0.014000553505667987
2e37c9c48f7e41cc4e355f86b6b6fb1ad7f62700a83a9d5e210f3d06e41ddaca,0.006657679014167037
c12ee6e2491f28780a87d71b9f64563d0a589cde77b9048c2f5ac369302aa6c7,0.002590663361113746
4e64a7cc2a579e22e462704b7e291495f7faa65664d2201cdb2d1fd201fb3168,0.03179020053564439
19cdb71a19c1828369a4ef2e915393187c87b434742e3918bec5b9205e893241,0.008012366692237429
948242bc9b9d2f6fee03b93ebbebd8b2f37d957738dfe955dd09ce6a93a05f7d,0.08731749606240105
c58845acbf6718d6bc8cde55b72ea815ea90a210241f8208c2e0191d81673a43,0.026480270067115987
e6c28d6af879094c2902dc1248b5df77eff740d93ad5c77778443447508c740f,0.005845927756195259
e7456f7f3ca7ec86a1a45531098477aedb00f80981600e946af70cb15d4f9627,0.031212754260364347
34226d159cdddaf856a71701a84366569340cab59018a10d3bb619db960517fb,0.20466731642640207
62ef0c51af36eb884ed03be2fed78fd1b62d0af53d55cf00eae95191098dcc88,0.010201340291433367
cce0aac75ea9868637b1a21713c98eda51c1a855679f6319fe4c34f68d5cad50,0.08212370412627915
10062cc2199a2e25440221c4f3fb1bd6c2b31a5ce5c7c419a7c2a96b2f72f61a,0.004715514168353848
a7fb4b06a218917a3c354f48382886401906bd3a4fe62c6b54c79cd45927f03d,0.006048120551086115
62afa935f74eb9559328902f56881604f1141da3fb83f59134fb43f3098b9c37,0.003392543102373919
6129329975923bc5cece4b89c425f8f1a00d763d97e87cacfe10170b75bc22f0,0.007803690662212483
133073c0993297568f0cc28f68f92da46e396b8b7d119b27f80927e6b19255a4,0.009775666820726966
541ee566a3298184cd0c3b4021a1d45f5a05a074d6974a12c66bd502a131dec6,0.08382040344438127
21e5f601fd1a6d665431d85ac1e8b38b167d751bf15aaf2d763f9413c9de19c8,0.04804203653635899
59788af482850ad97c188da1a1446b9385455d29f5b739c2d9e6e6950e381d6f,0.005139823474076389
973a2dc06e4a166bac8127422e8a446784ee7cea3b0a93fc5115f8905e1d54b4,0.019921922527255137
8ace9afcc2fd662c101cb152fb33a46af85614f72f3c43600ae72c92ce5523b5,0.010048495793710343
af767b62348b81ef0d6aaa1cf1356f6e509951759f94621d564eed4fb2fa2080,0.02380362114776668
a8b42f45d3d57ec5df0bc6d5b8f84f6f32f1f29294d97bd8c540ebc28bf21514,0.015249389703173294
24c201493f59a2625bad73ecbfacab6dc382164a2fe4e4f134a9720412a5d9e0,0.9233008556356206
9e48873daeab11666a1a5eb8afebc187d7e23e0b3e483944064ca67eb97f79ce,0.006042679939463457
177afd2d36f05ce0364f46620cf78d766617d214806be34da89e4ea13eda30e9,0.023350338120867904
c0666ac3199f20a67430af3e7d8ddb9534d1a91be93706e0d45494a1dc19f2b4,0.021793994387858225
fadbd6309a26dea9a87a01747760a7c9caef00f4edc9bf55f24dd07826e505a5,0.03218387387090146
257b0772f4ecfde836a65a9b39c1931c5972fc0ba61733a83a92ea1fb7d776e8,0.005336553556276751
a121b9ae974e250d6e8a50f5d3781dff7014f2e2cfb4e982bad024cd9e6c03d3,0.9268244544404164
70dc8e614f4f4c935cd899333a039587dcd5b66aed2b20435b4257e96e39cb7a,0.04341851293231578
4e50af8b836f2f7ed3f1fa033bec984a720348ab9b70a1982d7fb41f1177af02,0.009882551932457243
e5f4d36dd942a34fde945d629131a8b3735ff3c2610baed57f40958355c89a62,0.004505183645646802
ba56bc6c85adb935cbf2d91013f9b9984fd10ee56583e797c1a174cc9eaabca8,0.03926308333998193
2ebf4e397273ba33c60624d0ddb03e8d617c449266c170869442fcdcbd51dd7c,0.013426512672896298
1628f8e89661c6c3a42b50e205f07ce02898952f79431892522559b48c68139b,0.0027791502660666646
10a05e0d3a686a0b2671bd6fbc9a6f10238141ea5be028e82c9ae30180ce113a,0.029439448617683644
363ce33d09397923e3ed0742c301a74d749dd0ffaa6970cf425eeb4deebaa97b,0.04759318506658865
368baa1c7547bcbdbb3a8c63d25bd030d2c2e163e4a3a5e7162ebde21697b4d9,0.18060716505783408
29791900594bc7dcfb2d2c23988784cba59a129c1eb788beae453ce57a1c6e79,0.029752354361979323
9c563f3644343b9240ab0f0dc377e09c791c542b55230039b5c9aea9816feb72,0.016477874963418286
ee964c8a97f957279c3b24aa81a8310fe932dac4a84319b3f238c93d25ec3c1f,0.03741186447675845
51e242db581aef3e3f3b6283c1faea92f406a7eb51b9580b6b1011249204d8fc,0.01813721222089843
fd0bd460407938917ea0eb092e3eeedab40f10d2fd3989b8d7923e00c73b0b2c,0.09271976131083912
ed3f65c759cc94d93c2ff58f0773d611bca5210bacb9a98e6c7b3bdbc03c7309,0.006994783981918101
cd91477390e919aa4449c34ad2b8894e60792de6573defdb46fec81c2c69a6e7,0.01919633292709264
4ed30f078f61b72b26840478a6d4968b9bad3ba73722ac98aa84c7b0fb7239ae,0.02582808584192949
61d83bee2215b50886ce57c3fa5688cfd46dfae3b4b4abfdb553ec4ecf33f650,0.026269651874609428
dfda7ee0a4b2d246878deae02f9be57af39cc8cb3c9c32f3af42e242ce1bc360,0.009988018806218598
fe8991a54f614ae7542dc35cb2be266237d8d879d5217c548ec450b2342dddcd,0.07104337924329643
7a85ed3e0f5c3023061c040b39f778189beaf3e7ae921585df921357d867f9f8,0.0705743271433982
7ae7b50161b3ef7543c8e1dc1c1d116877af76b6c2a9431ab651ce82510ab85f,0.008220529649654645
b127a3b5f6ffbf68eddb43f0a4b0365b94841962da58afa50f4a8978e8a62233,0.0656659552195595
cf5dfdfa710bc0656e36e864b9064795bc42a1b201d35a1e57f5718f19e728e7,0.8988128325236721
2f2b038ab9805a9425f407d10d898decf20bac5124e3c4e824a5413e03aacf70,0.9851711150371756
a4c8baf4996f0b80313ecf69fe91058a0ed3047100a3536a74c2bbf9edd16903,0.010124952522200682
35891546fae6d9751f6c592071077f86e47f1ca5faa8779b028c2e13a1d44138,0.024869928443219537
8c29eb51cc0bcab74f532d5fb331f26c867092161822e38e7cc92e3db2e6c5d9,0.272947013618295
35937f6fcbf5aebbda38fd5c0ead56a89a3e4bf2610532d85ebfc8b4ef3496a1,0.04936940485543051
659e506a499da2e8976d8e6877a190e33dae6f07e249cee431c853d6e97fc12a,0.004293213364642872
9414b53609b8016d707f009a7c8b42e10e7e58495aff7ef0ee6134584511d425,0.11497277715905946
ce3a4d8137c9cb0085ac500ba243abf0b4d12edb062d901563ec9dbc57ea05a7,0.9219999871937923
2093352a7e822dd61f5d104790034a2a2676e931f7462298b5ae068a25711b4b,0.9654654044375417
812e06878708725139d2d0a7cd920e1b375c608d2941f3aa5396eef79c36ca0e,0.7045633845060467
2ade01760fdc0a0bf73dd01eef16e53397054733f8e2020855e03a8d8ae3ad20,0.0070922129373561064
d0300183af247117d8fb84c7019620c6efb4364aa5a695f77306169b949538d7,0.03764832011089351
db4dd904fd5af8e699ffea6e355f3750f1ae1c9679557928b7bd8b261dfd1442,0.051071985707944474
5eb8c984bcb1f9e3f867288698513b91724679a3de67386d5fce2aa71c1776a0,0.0033634877294465605
86e86a7f8c42eb1488d91399ac94ee712bef601982f2990faa334a3bb0cd8821,0.0805812015695987
a591e13e0629ae445989a737b32ac155df7e38e106033dc70ab502d012cd7862,0.40075693803427326
d57807fca1d022f6f8b4d746f263d266d9b61d2613bb050636b01f7299047a0b,0.007766942856059661
ab179aa599fe129a23386ec7851f90e114985d56434cec2d3e3b1d91fe7ee48b,0.00611897967546167
f04a45edd6f094f2d62d87bf76ab9162a2ee985d234a48c21e5ee046901d2c7c,0.02773956273899947
82e47266e1616c4fd19098adeb01b6aecf937bde6f2f5dacdeadd1db32f1aba5,0.03425880194000401
b9b1a00e16a4063493388a88ececd6a56d972be0f45ec5b077a9b123a6496fde,0.021431748419740472
d774f49f2e28d9307e914eb3022ffd6c71e40d206b7f77225da87e8a53600e4f,0.01386239510317036
caacdae633e536ac25b8459ab846256d08e965952be0b9d545a0fa20fc2aa0fe,0.04217288332303898
213908dcd316c233f1b70da9f45fa15b85bc7f07c2571a533057b5b46a116fb7,0.016295772851903305
088f8ef0eff3464af270f1db2195c0b37fdabf5ea1c003f5411bda27f1f32629,0.035024425761293436
d37caec9a7a25a01d11d6995a1bfdead0ba191404de603bbf412cbdd7ec71ee2,0.009964484941771592
512056bad15abf4d7966ac852e9ff51c8638269fc2c93ef7889a11fe983b8b4b,0.017565438363064637
c64e80d330cd6ee4c12e846ec2e9deabb65a4a05a03a9740df7d07c04be13e56,0.0029356820600480804
53ca48903f78782599818f6151a179217a6e5c6ec98bdaa4a838a30bb5ed90d4,0.1421356328060649
f3baa6910e4fcd531a363797cfc6045d7606d9fe1f85e4c6cef8c9efa476d001,0.040060584492284515
28e109504a5a1bba7d84aa8302df4b914f0eb9bfd8af6b88c01be279a1a8a45e,0.006374006491777064
2db400bf3b6b163528eb5362f08d678b9a4fad477774f67e8a6c0f0beff2379b,0.01131246832993297
77f1f31b30d1a927967f10982beb69fb82327fa6c89a317d80eafa4d8c4cc83d,0.06562638787657801
3a9a045c0b9d42ab9ebe14eacc83eb02661728bfbf388fe03d2f3409059b1afd,0.0036203551998653565
32e05ac7e7bf96c139d801b0ccfc0dc7bbc57288ef9913a5977610485d88e319,0.023732366677642416
583c114127ef6120783046d15c564a4c64abbc71095d8bf81f2d6a65224655b7,0.06537629611818845
fc59014f990a9a094b812f56e4a05c0b4baf1b03b18307c24d6c5e3e5f32b0df,0.004432166827716643
bcf9beb6f7ac0f5b4eb73d2b47f4bc655bad228fc05356c3dc31d007043faf25,0.0098724701936732
6b90e9f6915c591ff0b32c6040ccbb56c798e7697aad8a26b1b3d80ae5805f17,0.04705743690725047
f9896baabdc79b015ddc41b42737a1d704e6f53b510f546ba0f99728d002b6e4,0.03416067188604211
f3e0374e07b0545315f52a20f7da51ebacc03c634e679b0e3640fb0699a87fc6,0.024766885153349107
ff0d85f3367ec54304d94502d678a9e1c90d97455672d3953b70fbee763a2be4,0.016325455062321893
63430cb99ba32634f26b809a20dceb3942fff7a4c41ce1d87ef4c6d23b46718a,0.005198879511363492
5d6b0dcfa336e5056f967db188da8fab0174005c993a15999ab6f969f1735e1a,0.013902440799535933
8d64c004f4cfa3e4d4e1c3c2d3e68a159e8dcf30418ee04f24a371577f8d2b16,0.0072387999892030664
92e8c2fb17239af3d57b76ab8c1f816efd8a5202c1602885466c9c2764891032,0.03137886117628072
d622b28cfb895df60b1c1499300f5c04c3568e6050bf70e6f5f4450c1ebfc315,0.021188783295310206
07e6b57001f3c85aa630339ecc0522e7f01e545e8d977b4c9ec72e6b06aabb00,0.04789136409821022
432f10c60f43f5cbef1aa778e3093fc50a7b4f67c895bb67d79cf0293a63a0a6,0.020278577876982545
def3e4c1a56f6c9382ceba7a74a90f041ba8c5015b6df4b0c71e1b7c337a8ef3,0.009386896973912354
2ebee3603044ccb3512147e30bd722a8fce53f6983e3dbe208b76479b5f62980,0.018566470726810055
25defc35cc4292aa6a2a7a5fdb54e1ed954b95aaf9425cd563d27d89b93aab8e,0.012210417813547723
e6cb58702bf1b79540c13124cbbb5eda6dd76f04719551e2917da276cf25c36f,0.22673707448253666
f6eeebe1c7d5fc8b69725696c8ca22461bf4c11e6417ee7e720c1560186a0ab2,0.016870262533936628
995b70779fdce78aa035c40641386f855f004c036d71706e9726823dbe4660fa,0.025911442191778048
9765c242c42effea13cd90c756dc47c0373e738ebd27a46561255b60c00618c5,0.04635115416453812
c759911414c51fd275f226a103161fabec31b19f1bdfa038c3fe66aef4fe2c21,0.010959558512234444
a9eb8aa51132c99c6425172f09eaafb67be30dff6f044f54b07a89d01a2360fc,0.024352277082471945
10021e6a5519c0f638b936501206940a9315ef2aa2f6d235d01eaa2bd293ebf0,0.0425900070180441
e6911d3f8e00b5dc2e9113fdf0ff55fad052ece314572d2ba6ce31f56bdd8c3c,0.018193463140080877
5008c4b21734546559e656af9694b2c9d98d1514e158ae2f1e2bfb6054922bf9,0.04676360051896585
274d9d850c9b9a6c2710c9030abdae6c1884d84de6e3e6cf721499b5c580db2a,0.016142399552718217
79aab4f0dc6f6f9e9f550b0c8995c080ecc61162c4818b07510298e270bd6d6e,0.026147910236466856
af4d19be889848de70379faf0a73d3f86f643cd3362e57c5d1cbdac1e85ce5cf,0.020031292696655906
9b4b179ea7b07047298b2ed9cd15f46347b0b73d993c4a442e2458fde30469a0,0.04623652125255431
774912caf14a603da507d155d3a8cb1a4edb9b66fd8ecbeed757556956b3cc50,0.007245732448806627
fe66637bb614ca365baf0ab753f87766524aa0c21b7e70de6c48768f9029c68a,0.003944877670613099
a739f7a110e666d530bd2ecfbc4adbbc14bdb373d918aa0ec3b9af4365d390ed,0.1360058158726072
9558afaf9148724f8118a7bf68eaea91cdc45cbba2a33651cef97f164e98dda7,0.020232826036884238
acedf2eb795593cc8500700a4545bc2a83f8a8ea4d2d3aa547927b1351fb83e8,0.012312071737088712
f377aed3f6fc557bdc5a59d8f740c9a781ba0fef13008205e092d4379b1831ed,0.012487607146168693
ee00bde51bca1449e1ddafc128b38ea8647781a9bc78141c160d092e8a896fec,0.0591360446946341
fd76551469721adb3ed926a5980c88d4ad0d6c066cabf111cab6efea151c2787,0.04618545818414443
220fead93998c1abc86da3ee22cb50099175262f382d4e4c209d5293dc33d4b3,0.020127889957715108
a19f482de733a749186929b0461eed02305a2340b7eb148c479d3236f1b4a556,0.04649692956116491
b09ec5e2876f928e42216b0b9be4ebe0aef0cac51347558c2748cff87f79463c,0.044031828885277215
52720a0e90c2c84074104fe0522f1e387e1b7196d0475b609a0d4def9e4a992e,0.027807244417622015
9e95c2d1e358352b727d4b6f706ed329c1e68ab2d84e979c114631bf4d8c64e6,0.02165209792730938
4d87d4cd954fd8f6d43e1d947c544a0ebad847f860ac6687064a2decc14a6c10,0.05655161670910719
5cdd610fd7ee60dedc013c212b2c531b4173df4ee2faf2729df4d67529f5b912,0.06079303305506898
e556a38451b5a096b9974b7378b5828a30d5c0828d5dea9db82560a1592eaf05,0.02109335087743634
27060bd7b526b634dda9c72403af110edc13afd8bc5be3713e34b7a60456a616,0.025991557361323612
4889316c265a98a2b8d2ad656e0b3f878c95199bc1b66ed1f09aa963b0b7429e,0.059993306211714996
4d9f9e13d099b07cd9ba7ebdde25bcdb53e703a06edec506b61c530b9c3cd088,0.025070089547437873
9e1bcda5599c8a80aa671f5433ec8b29c64d58a812d5efbd4c452824de9b1baa,0.642925957840925
40d683fe2c3ebf2d862c90ec07800c9d580b4fa8eeb5db3537cedb985759ad16,0.03794483831277734
d18f6febd638b0e91d1c3bb2f2d67f0007cecc7e85f7dce3ffc5e9abfabf32cc,0.012487516838322993
ce8e1aaa25b023ca574bce0cd455a7b34351b903a83195fa6cf7fc2f4cf2fad8,0.028472784231324454
4bd09375047c54831bbe2ff2c1297a4a5c4fa51f072089c499d1f8d4c3868d69,0.08924116534341339
d22bb5b15337b6687669715945d5d8762cf3ca139e9b8c784f02d84c81d65583,0.025741227384495437
f42cfc82d77f1c2cfd8b9b734214e60e9b0f765f2920031ebec3f635053b18e2,0.8957376685630047
80a684c4b3fd9171f7713935ae5530b3fc9271f1f2a5e9de9b16cea528840be1,0.3958497082491493
ebe75606823208f42f3973ee1c7f9a734bc209215f709eb7ba6c1c38abfe8e3e,0.038611049778536986
9ce73b69683e5910751f6c9c983530dac5395d4c948ac2a43c84a8120e94daeb,0.04971562663911512
92bcdb93a5bd6a136edbdd625fc0a0dfd28b41c87f4cfe99cebf7443a8d62a1e,0.2176594839459191
5b95a07fd86632611824e949ed8fe076091d771b75305b59d199ab6fa8e5ff7f,0.15443684737120297
5ef1c98d1a6d41f0e83b31ba9b9ac432349ae2ee070a5c89dfde0f09b1a0b8f8,0.005927856430074668
155fb029e8950d3ac712cfd08074f9110855a23ec709c69512d5b31e932227da,0.004878763280569386
f36a3b4c08d0f1557880521a05002c523787f4d12640fd8f62cc4d1f2229f4b5,0.006165416840597634
1747d16ab659a556e24ce0c52faf843ea79477f83ad7436b4035425da9ee0392,0.1885578391811599
3cabdbab43d999474db304056f09cec77f25c4b7e88ee2c149492265536104a3,0.04053494776462578
a00e8be0bc97688bbd641f08586964cc71cc1abf551979d634dd6ffbfc576c64,0.0057794135543667155
626df5ce53b675792a15a7876e6735376502a9170add7f0e11321373eb30e2e2,0.0034100629498174414
a7f25345046e0cc313ad1f5c9e04cc4fe508cfcc8b3e395898eb5f15471539c5,0.017552526806941107
9164d111e973828eb6e5bcaeb86d8eb5207ea966e07a4634c40c8da80b423394,0.03976001520513442
58bd414ce95622a46ab7bf6222b361e787bf2326e48f248956ec0507fe3f0beb,0.08325699085304716
f6af95049f5454496a182bf1487d45c4fe41c6a755aee81288897623d10b6ff0,0.010688190650776634
89fcd506f4eb8df6e7fa4991268625ef59715c615895ce499a3a665861c235ff,0.0036177627160279354
2ac81ed3dcb83824f3f554b1125da78d42d7e85b56cfa51ffcd108b73c1053e2,0.019380131574831604
1df2fe9bf04a3775fbbdecea078ec83dc6a7f93c822bd6ec49a158a486c588ce,0.008123965734713997
88ab50ef9f4a396b1b59bd0d178999271821f6b702d04ec06055a0a6f55dd5f9,0.026462358137317458
4394efa103655c2942ce6af13b37c79591bdf0607bb5fe68b31e310fdaa2ee33,0.16542747807419206
44d472dc1b30b50de2c091d5a786d39f0983ab3004ab43034dea1e2c06176ff0,0.057693996345154666
58dfb578626cad98ca1d6e7e050de3cd449c9775702b9d0ea404a1484be28a1f,0.006627544843097208
80cb4cfd6e71c6711e0d5de95d1a08a3e90cfc59922ce398a7f53d6e8e79ef42,0.012657967006821508
e3ba6e158a202a6aff1d68db4eca1fa1f9316a92255d342a3ffe83f3b2aec37c,0.0046103120118362925
a8a79cf376dff0d3e8dcffb9cbe16cd5d43e850935e17e16a43dad64b3fd3fa9,0.3502996102340152
7f4bb58f7ec37803a7c0fd1244db43c8f3052a8ae973c5de2d5abfc11e1d7e22,0.013951130364305375
4535dbc78ac1ee33cd09fa2ce9bbc6b4666ad9fe99e358427b4cff6e1e2e6cc4,0.01036703206084319
5c0fe9b38b8c352c0615c6cad1387db53ed3d0178ca030bd164d5b6c7aa39fec,0.047049370764637555
3465836696fb15f3128db5cf8622dcac71c6ab9320ee542a1e02fee7eb1c309e,0.12142554329901399
3107ee31d4213891fa2a825c9465d7755890c5939aee9c42ebf71073d119edea,0.008151174583290025
163d2ed9d68dd6fb099b597506a32dcfa5c8ab5e5864937748c25a97cb37789d,0.005159932927981058
31126bbe57aec6668e62ec4d2e2f16e2d4c991156370979e7c8704c593e65007,0.0043684987230977225
52dfadd3eae2f9c229b743fd59ade042149e3d068a73c4d8b836c2990d35c6b8,0.016917870732608684
dfd09ada206bb0507c6162073ea8f0f4d41b538f621df28e004f4598e485239f,0.040188508425407866
ada2c05735e70bf02207e3eda869ba2da322877c3716d0fef70be332bde98851,0.06731346524499617
e1b0ffdc4a197df26744cfd748c00b65d8dafb593e10479dea0cd4840e7d18fd,0.01262539662918292
721f3792c17d133e675d1dfc2398ea71c919ac4a6929176f863bf947da552226,0.040167858999716935
b8971ab8368aaf1d930da1638a8851a8ef608136873cc68bb20784fb076f24bd,0.06967509219033885
e547cc2181729d77c1b05c18ceefbb58d94bd393b6541f3ce71bc5eb2da004f1,0.01765394231745567
e3d9a9a0964dcae70dd8a25f096523468aa243e64dffae83225f0184bcfc01ce,0.3143317488381507
54dbe04b5698b973193352323557a883849e71778c58aee72a26eb8411fb6628,0.05172223210259285
3331f9b2339242ec2d8f8f01e46c143c5ca8ffe721cf0cc35775cdd28e3adb29,0.023331241851798565
b37be3c0a98654e49ebd38198902d9a671a6aa9472b2ac1cfaab237707108042,0.11967518745375721
bf531248e8017cef3cf59b5cd6591f7b866566acda740cde8505cab7daa9c2b7,0.36928138220577994
0fc39e97f572cf321d8f5ebc3eb03a199b63ca902b1655789dc7a041d612de7b,0.010753307180829758
e6dc807655333fa2e44c10a8a746cbe689ccc58aefbf6210ef1db0c87460b3c8,0.061212696460634285
00d6103fa613a7d699cf9d3c1c6909771dea9c0f4c017af3b9efcf7648c34ab7,0.9959206886956428
f9af4b1998d81315b306a74f4468a4a29f95e1a3b2011413f9d0fe709a5a2fbf,0.0477877049568853
8a8e9ac22cbb88fa854de2e16a9fdc88a31c548fc2be8d8bf8b53de99670b7ce,0.0038206150634121933
f1f89b07380bbf09ba5122603046b91788bd7adcee2e0f23044fc1f252483d72,0.008463168540923563
af87812b2a0eb69a7c6c6bf5514db5135bf3bb2b55d1c29fc0f111e84a41b8e5,0.011178172249968366
2fc330a376acd19477587bf22ac12439beebba22a5bc8b0532f472dd50b285c2,0.0065102632069212844
c9c8cccb1069ab8c8d72a00f75a122ade9aaf26d73d0475d2f19a124b1ff81ca,0.03235049399361114
d56951c8d59353743023851dd254ddd8ee67624b3b6c148294948bbef3ef3675,0.012111502756801435
6aef07214d4bfe3e38b5132183e4289e1ef128b5cd4491932f27da4b8008cd3e,0.005454315444471294
8a4c0b01bed3672adcfbfe04ee372e83e9a04f20c1577de1a08208fccc23df1c,0.0030704773103123
7ac03d9ec8132a1a2df48f188864ed184383b689063222707bd553baf6e7e8d4,0.19097059399110672
6da0f2dbe57e4e0ad9338e58f0185ce6ee6b839e9381f4e34a16ca9a55c531a0,0.046651596894705744
656e3d86414d0b41d0cf6800ebb1db50384f54ea46cd49d8913221ca6dc41bb7,0.012193354501082904
4c52b7699348d62e818b477403f4700631c5402e5e4ca34e47e1381bd764f5ce,0.00888908606837156
d6cd01ce887d472cb3a7c92d8d4f440ab171287e357631e5c3a9519e39767900,0.01064425637933941
00cf013b45c98683a0dcac9d3429f9f62a16f7b27bb08ccc11eac12b0db2f97f,0.011903685256132456
a9b9af4830252a600f6b80bec8e7ef9c87a22b7c6eac92beaaf68e2c6cf78a2a,0.034592596935479655
ee0c75c944521eeb62c0d040c6440021ed2a68042227536aceb7a80e19970923,0.19585090545897121
702a1c17a6bd2c24528b9b410319d17422077f8c27414ea058e9f6d8959904c0,0.0244157721027049
84a10695a130a703be5945e62d9ea58f783b81751689f1a0ad518bda7e20fb80,0.01102987912631429
25ae80440b3f6255b5992ba61510c2167a80276f5d0e0ae52acedac0536e75b7,0.07596251997820316
66fc728942878da9b5908a4164ce93a4d85afbed45e658b76d92230720444e9d,0.9751103750461672
efe3e3e85e613a7cb7a7b931d23f8c3f6b1c60167d2ccb3d1b718f4dfec58a8b,0.010616335130022119
7845b6496520fed6d6147117ec7e3449053a473f3705c9cc141a498c833029d9,0.030893948510417827
78f85f4d72bfe9b24b7ac49a08c180fba4203cc03b66f469ed2d7034339df658,0.02627842268038263
759cbdf3ad503de4a36a5833c6fc80ed37311507ed5abf84edf87f07a24d5e9d,0.00796419660615173
10d340c6369c0dd8b72371de13126c7f1aa34ce71e80ddadf7495ded4c6d43c8,0.014627356333797588
17096418241ea9577f858f95d2a017862092832b7d5abd3e891f5442470d56ec,0.041209467676952154
2b6582923fb09ca35c33f4f844beb0551222d85aed0a2d48390ec419221e37ef,0.052984154540370115
a7efc3ba6df3fec3a05aac95c4c54514d860cec2a051b86c518de449f63a15b2,0.1047842696642882
8c9b545837e56d84df37d767366ac8fffbd89e7fe2cd3cb45cb113a602222487,0.036673571725003344
bacd6e82937d240f4fdbe98fd70488cbf40dbf3ac046e8ff9660a1f17c294c9a,0.012479877511353836
e029b27460d08a87fe1b9b62bbe06e12a8fd8c717718e819546b04d6704432b8,0.008961548967696742
2f2936989dd4ee7e8eeae2667bca31dcf53dc03116e6103c42a18272dd0cb4cc,0.012021656240046835
c227c985a959b10ee30a241b8d54bb89c0ba47b3bc01e089ad5027529ee0dc23,0.06685660526010868
9840743560563aa63db82cad74e70ed700bf43e7833494f37ccc57ce705b3bea,0.051641283850888356
6218b558739ee274cedcc17dbbd3a1efd622e5dd174279244fb23507966e3fba,0.028627596588648652
0e812e2b7e1a9282893ecc67c8da809af4474324efd106de59a72256df02e327,0.020097773085034208
f6c169ce06f0f76c362ccc82213fe0a9757acb6fa701fe56efb346492510dc58,0.157467921267607
6c7631a8da36e0ffcd3054614724ff24be1de6f01d883c8beaa0b273ae49d377,0.037327336399429305
fc29881b5d4bcc3c5841d1a4a705fed4e01c4037acc57427874e279f7faaf3db,0.0171465571360628
a709f004c7ce16a10994845b2398e341d7c2f55891ce41eed1487bcec0a547da,0.0072822601577828645
d58a891701ef48071718b05ccedf7d61b79f8a662bf8b9118d9d22464e8962fe,0.009022280097403603
70c84adc551c138e19b83a506ae29494386f0fb1b8769e588f4aee7442b4a4ed,0.04452672060482038
b05d4913074807531b2434b0c2460b68dfda43d0c040efd2896cf9af7a56a787,0.008272791805605723
903fe01ce5a969b33bc0916da56ed0c34e981fc18c71281a962dff6a70e6edb5,0.007021016104677499
0cdf449c5be54965f6ccb4bf317b0ba0ec96e70a348440b668e5d5ee16898b61,0.06289566281870258
51a0d8d255b07a6f86dc5915e4de9eea5310c2f275391b8e9ce265622a44a14c,0.010711021320843386
e85a95b0fbb6bbe339cccf98d5b0832a7a4e20d35a44149785d5484e73e4f4dd,0.019310030650299542
518b72314ce9edee28bd26b00b5644ded78425d561b178927e3f02f4f659bc31,0.3747443041415102
4af30d2bbdb0d5163c50c10684f313b32f752836735fa0ca34910e1fe5eb7264,0.015605087386950562
d10bf905b0b6d39544f7a5d0691bdb6523859af3e430be414b0503b9c6e3d0a4,0.05937826108307662
7968eda869cda579041d4b85c9c10de5c797cc5f07cd0eb0c7cec29bd6cc1943,0.042344130996592504
2a12eff41acdc04a681150c106b25dd765524861349faaf51cd1e24fe86c17fc,0.013852449650573504
9d31ac0f2ce12eb3c64c57ced57c58497a7c327f30df885cd9595e4183c5f464,0.004940781155399628
9c1d8765fe475a27b2879070b26c1922a26aa0a8ed092cf2421efd703008ac4b,0.09996455560298272
33a96036529da25dd6b7ef1e62499dad0bb79a2779878c8bedf40c77ad1fc059,0.9552928455655765
c7b3bc91804976636213cd1674b07a0647c595d577ea395fbc7dd33b66b66b72,0.011682436455862146
d3c31fb558d3dbd25144642fecc8a2e30ac4d8e3003cc919d5d1c1fbc04a8fdc,0.1537809176837486
3d4aa25cd6cb9afd6f0d52d9c62b14a2ace7180b3d9fc784a6cbc49094ea65a9,0.034645967600445714
f951acacae4b2876fd78094c50c26a2b35e9a588749d14528b49a9cf8faed68d,0.009313562076551693
ba0467d37e0de7e2f22b68c43d3d27ae73e0a6c28d125089fead6694daa429ac,0.10522977097534884
e72c53481ad9286958c8dfa18c672ecec446c6ccff1e6fd837693cd9232114b7,0.0221511172208647
d36f82f088f7de6cf0ca674a3baf36e50267414551ce307c994aed583f528282,0.037665337510460015
0980afcab58b8504c8e5772571f9a6974b6ca8e3affb8f328d26e95fd863904c,0.06005718985435487
d621fc376515127c3144fc899ea63aa843b8cb46e1bc334bbb9e8a29311b226d,0.015822233220472614
fd228461b406d9ddc5ce2a32bedcada3e26c730873aca1e7bd878047f9102e3a,0.0247150143482103
dca3ebd7a6ee37b631b8a8da025977c44b66e73ebbbc17b14212c76d266e56f9,0.04778648812717604
e11ca862225bcfcbcde507b627a33910c9344188b860bd2649bbc972957a44a6,0.07096454600993692
c51bc6e6c830169be954fa8df082b3aa83db0d6103dd6807d6d1fe4301d5ec94,0.014202048274308649
fcb02141785186d10228b2dc2381c1ce5edd6de17a5c4063048d1446d6f2e758,0.003875927710191283
3f0f1484c8c32938431e89e01a146f4b1a4e041f57958dc25f079aeb5c216087,0.045211354654396414
e51ac9b561f768da6b16f2e5eb392003ed5716deb338f18cf57232426a916c98,0.029761954585402005
73b0b8f3b38bd88e173840c0704270e68811166d76b8b15066ffd16fa56ac7dd,0.02597891443771779
5259490f7b0e051114a6a68293f629cd65372420c23458b6f8d796b2cc57978b,0.012776690617449604
20925c759615c89fc2d77512f8d226c68078183f545387fbce74aac20b2cc6a5,0.026503286241070144
9fe22e52193cd688982931a32e6013964cbcafc0f9874e8a68daa1c059f1eb64,0.009181190544865363
675252e37f409ac583d54fc02f7ed0a3f7690c008c77bf347687380993e8403e,0.0036947183181543636
7faf89ed67089af28b9d0987c5e401c6593d0f64feb0c1cd38a20f9f959818fc,0.014893221335712597
c1b7d2853193e251f4854a04005ddd0013d3f9dc2ac6571decb57609bf59a901,0.014153405771035401
78098339792195798f1241de76ac0dbcf51423e720ac9e56f7faf03230c4a991,0.014037300998922017
7d4b935ae60c72d2125d75adf1cf08dfa90b01527e7f295247d69dff788b2dac,0.023646933303845114
150f1fa2398c35394bf6bae247b0cb136aab7244c25c626ede5ff61f541d37a7,0.041423143545181965
b5afb18882528b0a3213f0f2cb08a24e2513d115992ad14dc0833e0e3074930d,0.017836489968995933
093f24ebddd2f121d079b52a4fc0a23c44d2b24a128a15a3795848fbd8a908ca,0.017298247129980817
bf8ca978102f7810909b59c1d42a965e7a95b179e073705256ff2a4ed8512dfa,0.0179935619072209
c536ea22993bc66d9e69b22930715287c205ae1e5998aab423c00b66b4e235d5,0.007277645816945796
c787206b5f1c98d131384224fa40acf984b36ec19e866e8c1a4df74d0928287c,0.03787084046715355
4a1629cc5e90fda5f4b1516a2289f30e6830025374257e41ac490d99d56e736f,0.07196429414574909
d4e9ff1b11fb9c0e54c289ff0babb05c062cfe10282d9abf61c16c5d96cda471,0.268988189647777
8fa028f134e96d4c251096c7f2ae84c79c48c75abce23fe3013f365719ab75d8,0.047855469019628775
dcc49adfd5bba43931f955a112aba07e69d9a0d42e97ccdbbad73b650ac5f318,0.02482390367916536
43dc750b9f2037ed4bfcb9ef1759ad47ec3274f6c2d09c0d114fb8282a39c411,0.1313782568802904
4eba9d98f918e44bc4dc8cbf43ed6e24b0a68ea89f248d855428f2bc32b1d44d,0.03298520610130568
7c4b5221b4b9e457b830d81a5d8d332fd8d18a2ece5c9900099baea7db1b4646,0.02799510131992713
8418c150cd893f061fe208fc5de1ecec4fdb61c41bbb6a172d2db73a20aff7e3,0.9540469433523248
525ddbec63168e6290f096e761d3f82d799296fd601429259963f8b600873be7,0.013036862023106504
775f7be5dbf2bd0989698dca2c54bb733459d1a91cdfe2ea18b3e63f5429ae01,0.009828817499747358
7d68a0843cfdeee05e77098c69a1aed2f332f18c02f10683a095d44200b63d7d,0.03591434840459839
54b33e704caa1e7801694ec3aa6718855c5892e8c45123a4bfcf29926b8519f7,0.020513146461151772
ef1098858ac180f69272c123c4fce7f61208f4645c2ed0e34e21a22d3a9cde9d,0.02898485768825895
f1d2266af137f40b7cc3aa05a4cd082c30f2cfe8cec996dc67ad0ce4119abf4c,0.00434835797744428
c0e7313c11f3a4304105a3eabf609e4dbbabcda0896dcea9604dd9af329ba5f3,0.005694501384195799
6e23bd17fe0a7dcd3c8997003c1b3af95288ced1de7b1c32611609fbcaa5245a,0.008723781267522584
420f2fac2f546318ace664e55f6538c47e7568b1ee8ad1585f2179c5cdbc23a1,0.06156065244810343
0c737e7b47d3bfea82c88122ff71b45845732675b418d85fb2c4e30c4bf54544,0.03685831424213711
aa3514c76d61f8d718d5fc478159dcd3738effae94c8bf7975eb8515e5d03ceb,0.006599056052747382
d3cdefb715e0c645e7550c59400b6869a6ad69ae7a802d2433f0bf1d199bf5f5,0.08279769198785136
06a87bf4fabae76addf686c0a658adec0181f8fc5ba614d42b6fce4edb49b402,0.016930622109855315
f2b472f2e56d1d8668ea57b733790a6948bc194f30006e95d5d02905eecbb62d,0.05304112546881429
43b732854afe9f9ed014b84ddbfad715f4be16a0a13344ca554ccf19f90ce244,0.074348556546118
8a813b4a842dc14c67ee19a7463f9b9be776fd77940ce6227d62bb6eb6a46be8,0.03705515000362967
949b0c3a48512aaebe4aefd80e2afe705d531cee20b1705ac4b7ec2cfd769a3f,0.023967972579405715
94fd65341194b7c214e365b9b7c96c181d4d283855fc55e490273e22d8b01ec6,0.46735927089594315
f61c83214e7e46fc1836f22e02bd23e894ebb4f5f1dc5c3f10399fc29ed4ee43,0.05571630823129813
1a52716bbc785de480bb761d5f63795c0bd16de79b8a3b1d4f9230f8e06d9f06,0.11250605216606956
93b3585ffb58ee1d987e39c89b62ee37c73e7f419ce408aa17b5a7faa0e2e507,0.025902017680037706
087729b392d524a833df5dc57c530317d0052415d93194b63dffcbffd6c6d38e,0.04485424838722654
cc6ee50fc3247f5a64face96737f54e9c401d1302395e09708ee801119320507,0.03485312930486049
135617f238120dce211092e21308b95fbf5bfa862c5c859b9d222ec8b44e80d0,0.01619841404277004
6bfca44d21ec0402f2c8bea7a8f20c946b0fc6142217800d57b7f09ca560d2ff,0.11482698059209216
5837e445c2c11178914d2143f902bd4887515fc4bd3b527024e21a2982cf31f5,0.057182194142498255
6f8190c7f6ecb9ae67f9d01ae58a9d9cd68a052bb574500ed748b5f05337251a,0.014183314048629207
d10a054695a6928e3b5549e472fdb17091406cc4792ca8312d5cedfd35e32059,0.03497673191212658
37185cc30e21a0b36f6f8aaee4d31ab6c1fcc89b13b30857e671b9bf095dfc05,0.04472395323901039
3721351937c9bc79f489184a020ffe39ccd1a3ee3d64383211f075ae51466768,0.0359848619363551
5a8ba28039d59fea813fe84db2db9d2bed4c8072663fcc0c0bb3f8f614c23349,0.021927788901972778
03d295da92437d0c7b7d76ee433e1ec7d66eb31a4dc4561f05b98ca636264533,0.034716973689214815
207dab971f2ba004e9a663b92bbdee514cef19757860786af32c19d4f50b44a9,0.060049160685307704
d485aaa25ff98b8ad6af81ba798a988a27a4bad3704bcda856846a6f180200f9,0.043478698472138165
0418c9cb35ec680931c8537e0e9206943d29aa6f6e7e5a34681ea8e269acbe31,0.006418414331708633
543689fb9115ee186a463c6a37fb9bc6f600f8b2d7d53dfc6772fe8f323d2846,0.004891409815644221
43a432874e916c18baa31aa4bac43adc5ed943baa7477d683202b362ca36bb8e,0.037746927415052034
767b1df4e7c8f1b6f3b4c034a19bb6645da488913c954c46f39d7677b73e8cb4,0.012592340438903947
4dd3b656e36ec7843bf6d4444fd4758610c9d0ece044dd8664feba55837e98f0,0.08570904494435275
965735f576fbb717286d1dd05800c620a1c469bc795013d901ab763412111b7e,0.01124242682261377
915a0d6dccce7afd28116e582ea1da7c2a961bb10aaec2d372125a96abee54ba,0.10474263423108947
08b9bcbf5af32053d6428ce586e9f94864ec19a22aa559e2bdbbd7bef1410709,0.028951409157372144
c7a268348de8ade13d883e8faa0169a0f417ee879f9797883f62974fdaa457c6,0.1399480543716419
2cc08da9356f174c3ad090f106023ba6c95a2caca2b48594d73c3fa8517643d8,0.15178649888121482
9ef36b7be6cc23a1e640c51a2321cc49bb2c9b998f169c4682dc52d9b1ca2cb1,0.009181190544865363
ef19998da729789bad7eb0dd8ef6dc94023a3bdc5f959be78e07401907482b4d,0.04361257900780807
793ca9c99f37ec6f95c0c60fb2b6af7eb473b07224d17545002ced035e51cf4f,0.03981395750550023
63642ae167c666704a7b340a6299ed6671549ce09a82b38034c0dac52251b5d6,0.008512684818612583
c86f161139ec3c5f7da6b7cbdec2d69259f2cb9dd39b34a5a72ba3f254628177,0.047095048396082854
bbcbe3e020eb0b239808a6250238cbfba1decff83fa4fa8744e871d0a5bd2464,0.007864497502708375
34acdedbadf2393bbbf4d6fb43128a1409ec2eacc305bebf803dc5d78666eb6b,0.006034927389879414
98f88b6705d0c004b9783aee618dec98a1807f2be9de30ca8a5e8ccf20caa237,0.014851411889318062
eb4164717cbd8eaf786e9a5a5bc9288b16bbd70255e1dab7017176314679efc0,0.2821498002273394
e898b265704696d2cbabfc27d96255d4839ed5d12ce26e171b5dacc973a91b9f,0.00934968129514653
9e128737ad78946969ffe505b3aed6dbd226a9087db03b9f63473b8000085637,0.04156950342809504
f43d703554ce032b725d5a86fc7d3e3a24c05119178459fd1fada9b6315d63d8,0.06976657130238646
dcf7dbaf2e520a118b318ce93839f2727015a25c8402864aac3998aadcd87bc8,0.007633201761101138
896f27f4c16dce4965cbd595d943860ea477a01a2f9a0379e8e9817b2a9a57d4,0.04425234765484014
540721de9e879a2a843986f6d533982e3293dd8926edabcfc86ee75bdcb91b72,0.0989306298522642
2e6dc93bcb6369c0708428a52f2db1e064cc401ea6a7a1c3182a73cd5fbc5923,0.03109769048486524
9b5fa43b25b89c18fb0e9629382354bb57c25e491511507190c06ff5f6d885d3,0.06219511506190998
d7a258d1dfd328bac6ecdef472aad6946b17d0e6c650cb0d5ac681375813f38c,0.03764458982978545
c71aec3a59a576b51ae083cfc1eef604af02ef7b5cfa22e9376bfd8411d8f2e2,0.04944222410556272
ec4ddc72fe6445767ca8d5756e1b1d456e68da70518fda5ce3ce78395aa56492,0.9913605731026067
a2512134a95dd955f1e766abbffc6f4219220939feee26691d17b09386112726,0.003681146409620112
a5648f01dc7c04e17d6777946fb419211870f60a7ab779c600cc83f8fd0c3b11,0.042560025332644996
d5e842f3ece720b0688b74edbc7bf87e0fbb149494ca54b4fc6c627da404f13c,0.03816532463990704
0d4bac8f512fd8da8bd8f1312b005c550a4e1bbd717bdbc3c34076e0b2e4de0d,0.15351764312605
5344c314a8676d846af6b552e2a5092f61ce401b4fb212552600aa98e26119cf,0.0503144140833589
ba2ce2a7f7d0fe020f3e0ac87d649e60b4ebe45215267bc50082c2a75d0b3a48,0.20669372406181039
60a1646f748c13bd4960dc5e3dab3d17d4b7fe66090debd78493100cdcd4cccd,0.050905084436416954
5b8e86506e0e0bc6ed5faa72f85cdb13431c246a9d99c929b6b50436230b13ea,0.08669664621475044
32b7d14404962b2e478d1da4b5057a80cd0d7a1e9033e3aced8bce1d340511c4,0.0637649926719087
dc549371ce6ce6442d5c2978eed977071830f7b32251867fc35af5434b3bda79,0.012069187305211813
595a916025cbbccd04d11e3e99fe7d4874443725564f788ccc1781da13a32bb3,0.9975345241775182
e9b4529b41373bca355aca49e9ceb05dee7c1511628a122edf92a24e1b500076,0.047088679101907935
4009b51ec0dfc7ec2ba64ca6f19f9279ce879b0789c6b5d3fd26529874bf39f9,0.005866592929668458
7627c1b76832350ac7293e72590d9eaf5f3fcd0667980195ad6dba9a9aa74d03,0.33148440288074194
4735594f0c040262c57c38fbc4a5c3ddb44d26d1b440f289f20a0ccb61192372,0.9777849074791916
11668998c93ddd844d0777be68163c399c0e90e54b8bb4ef642e8e55e32e5752,0.03840998929625545
3a4028d9c019bd226276e0a64d4e604d10c5a87744ce408426843929112343f5,0.024498347959770406
e36f64551046805a4aa19dcfd30a86e9193720d1da4f492ee06b496b06686d6e,0.02678844618573293
770b08575227db76d342348fbcffe5099c927dfeee739de49151fae85d15576f,0.01929908549052487
4b6088b7899d14e17397783d7ae4e705b7df1b2979b5d411cc1bbbf6ffc9ea71,0.046052077605014445
47efa378b23fa397a544c6863c52c0c81ffd5a5011e3784e74cc5c03bf7d715a,0.04251561564180778
1edc20dc8e0f26ba05a4397f6ee5072f2739dfb5df788fcf370fed952df39b68,0.08405359083498949
6a3019c35da9c63fc52743198e4ea842d9954e8d256fdfdba1b01e0716864816,0.03877963032266868
ea73581538838d37ff70684aa26e64716fd88d2f49c0174e301ffb429c5c4784,0.003943760858207279
5c9f9398a439b132200ef2f16ae99c7d2b282f31478b4a364c13f28e6b2cefb2,0.04168157820803498
ee9b94c72f5a18904a7618c1737ce8e8a289fae3e083fe932863faeac0251c78,0.12339276766511419
58ea98554b8035d30d69a7e9126cd595dbfabcef8c8f52dd35adff200b11be14,0.013058055524174257
ac779805d8d75ec4e4ba95aacfdd7da7a571f313556e434456b393f80767497d,0.004849176952368383
7b460275cfebe49252fe21187e7c3f72cf17a3996b3390bb56350e61dbffe9fd,0.009027939184707226
d61293ec0f4fa9bae66549a5ec430fa013cda3211461d7b752b7fb657cbfb3a9,0.025292341257734607
60fb9a34c75535ef14a5907fee0f42f7f540a77a8d770c02bab9519794642b46,0.011553320303276169
fcff737cad493950742389329be65a036e2fd5f0df327dd72c0f900bf848c654,0.03440378535878463
b59466cf12086e411b22b16a09d00d9b2e4ec615fb7706efa396e5ea10d93e49,0.07776419079495753
b7cd4988ce4207ed15717f4801ca9ef17f722d7ceda8eae96c860980ec4b91fa,0.011806007395777134
d7ffa84301529e013a80c7e0dd9878b9d2b23425d8a8113a1bf3ccab02c18e18,0.04930249881642262
be5ca2757b5aaf402ed58ea5b1089f1c73b96b870d65ecb66bc367328cb3b200,0.017679349548942958
6d55485257b17f4fc4ff41aeef6b490abb93bf82be40eeb3d329c9f7ddcc3847,0.06818220303763506
7243e789d5d39341c12238a628906ca3e129d8d5a1a6d1b3102fad38b97a259c,0.16796967105886546
ecd61d40462949722ca8813ba4b49a868d7ee0b8651186ed285998d76fb8c297,0.05033442774680051
6cb8410831294e079ba5847a12a1a89cf67c641468759fd5bad643cc171feb4a,0.009036241914852233
83266a7c72321b3c136560ad52958396fff877ad3ef53784b16acf4730165edb,0.013619573617111238
2aabb57cbccebef5891133d2dbb90cb998091669ca2a3c093d9a804c5307a769,0.03860691647859217
f02844ad066a318d230ca2dc50c15ccdcc74f25b9e3f2afbed2e29d050848851,0.12987690135322594
bb3b80680bbc5401d0541edc91fcdc91fd4c174db2d1ed01989a0618012be5fd,0.005736423991813908
d2978c8ead8cf57986348a1a5d91bc39e5fd642062d024eeefd85cd94a87ca8f,0.01847461654240305
9f793c652636c7617709549341eb58ea29e509eeb94ca08b759333a393eaff73,0.005355920396590379
5fc709b6ec0b8e8b01cea6fb421ff82dc40e1e640a2fed2afeed4a3a1f98634b,0.04678687199187053
b89238cb5476cf170f3a5395310bec5eac57b95a608049d91546f8f6d89934e6,0.0441974248795218
fa99374babef6f9ef8134a597b1723eee04f92ba67467bc840317a996626081d,0.00768950064187036
2cd725944d075e8068d5d2e0874c392969cda3f4125cc1ac69390313dcfeedab,0.0028382417670659806
4b9c41bc3e54b35e68bf835b2e946255153b480fef6e03da4457f4fa282c2c2c,0.041157203548372844
cf4b1c198c0b8a5d47fa16faf96ac82a3f44955a4c2841ad0650c939d5feefa6,0.13117771754639412
9ff79df1841dc901376d87783f1bcea7e5e7dc5a8183cc8eb5c2d0c137c1212c,0.039998201281602315
978609342cb10373e361ae858bc4015891ddc9915f4fdcbc963cfdc666b5fe12,0.02692471384935043
ad004f950542a54d5475f1e03faf414d99c021cf96837fa3a0c631b19c4fae74,0.012566564260137069
e14a8ec04f4e0bcb268df632076ce6c746d54b3fa34888f6302626539d776f35,0.17307547775878548
34d2aaa0dfecd1415cc6cf2b30c85b4ba5745073e13a49004816f236acf2db69,0.8407411461847621
f38b1eee330b20a88179cb12da8462b7e46ac1e5c89eb2cbf64989b69bdc76bd,0.014399952026179708
5faef904b47f782eec69c9c799e5c442539a4e1a8df2876b64ec809fb50d239a,0.05009823508846443
5fcbf9ba24aebf226d541945f125b159c96250ea9decf742885924f3d01899df,0.003000508720533552
6cdc80d0576d955f60d376ddc0e7a2defb7801040a0bd5588819d513f6369cc0,0.005139182228352354
b4a764a7225c6c9e19ef5019672dbe9b5cfb2dcd5097cc602c184687dc84bef5,0.009517766535680573
4cac0cf492e95a3ee90b7e9ed68feef71727c84d4199b2042278f1f21c9084cb,0.0029526808146167483
6f0619541414eb7bccbc6b5a4cd1590166127bae7babfaa43f8eaf29c04fe75b,0.1293263936901836
2b6f5866bee2056e822ac8326607886e8c1ffbec9d28bf7ae2de1841ed892c23,0.15018849458062308
6ea4546e0401697a7e9475ec7fb485b4b0c40f9dba858c53e9b7aebe545b5bc5,0.004678449212789195
3a58bd461ee8bcb8148ca1f689595f3dba223548bfddff506f35655026e36519,0.04805024291147199
f9c893c6148e76b169e0a86653b30f61317cf3fdad5dddb3e36f4450cc90fe41,0.29106191014873956
6ca82f3d5326bcc51b598780c6e31c170935a3c760cd9c2f72df28e8c4cac55e,0.022510036339482696
ee5a4557ad901c6aeb86de3cebb054a5ccac0d1ec96ccc0b5cb69cec11419311,0.016855524335417763
b3d4bccc57a01cdee4faac26e7d0ee240a6f2b4ec893ecdcfab9d9b71177f5d6,0.051295317250208534
72a204928045ef40920e5890bbc38d1d24789ea076a5e2ef2bc162079f3aeda9,0.027040685932227367
89cd1369631cb18901148a6ba017eca76de79963724071ca78089dcea3857805,0.06444828033807756
4f466258df9e263f871d1570f3767c6bbde91f711715524b9f7b8503dc9d5618,0.0036002951139738814
788475e4a20ef96435da403ef64feceeb6d014800b763c4d704706f4022528ac,0.033462823738393634
b47488ae34f73e5d9a7226071087d7cfcea0c5c1843a5c8f38bc5a43f65adf5f,0.004983032345316804
e023a9b776dd06f36f594de20448d3b097638af8615871c2e3c0972875fecfdc,0.0555192912287094
5fa9cbc702fce72e65d77a61cbe7d014c4d81afd84046104a8db5087f9c396ac,0.03707688837739512
c9a4a7076d0870b75d60032dc08d04c73d9892975febc5efa1374b0d31edbb43,0.02284271400032109
7ec1beae1ad3309bd73429152309dddb7e92193bc0cca8b6c0ca98a57da07f92,0.0020253163856038493
a6236bbd902ef4dc1965b4655b617ed2bf4870142d5102165aed9c73b38708b6,0.052775063062173805
d98ead818907b4bf3a556140156717947ae4c8973da19442e667e87b3fae275f,0.006130119619175073
d4abec6d63af0f822ba1415359225efed483ce7b662a4056d0052f3345912872,0.0077883436235846384
583bd73f4be1dd0884621a7c771541e776160b9c3a613d4b58db98cf0917b2d8,0.04281193779518792
34467b4eb82909436ad6c5e803750249c6df71531710740ba937eee26f705e7f,0.04599142074031234
d6767abe716eddccaec19356676c5e34ac65f13f77b599f2bc0873badb3e0849,0.009232873033596975
a7dd1d5906cc45bda9215f007e97ad16ed6db1a7c00e4c4f0516a54fabe643ee,0.041592448052886734
76c9195d87f8ad65ef2e2877962d6560e0e3689321a99895180bec7d9086554e,0.0056121808651019315
4d9a3b0bce6c293b7c27cd73f01b51d47ebf32a51a01b004beffbb6c52b01101,0.05886423858916134
c31a08c7d0b42fa7218fa562ff32f894b9847791854979408462c6c2dcbab256,0.052216748515021144
eac138b8686ede1cfd452e5f46255de117bef406f870baba80aeb247e166de6e,0.022832938561513166
3214855c12b092ff44a9a8d2d40441a107a5fa453bae3304241a2bdc4bbc0c3b,0.0019683485457091597
62748ceafd208d4f9c5ab09ddc74e9b56f0a56fa6ca4e2648a831687e43279b6,0.03299550331718624
1e66e24b74053324d04405cf3d1a260a6b85f32737147fc1fd5b7c37ad71fd41,0.021395131542434883
b842f30c24634381efebffb4ee675d07a0adc0987858594337d4915876c2398e,0.015320930955943552
c9a1ac63fe27f609daba6a1c6026f48a73af82e9bf0cf61f77fcb3b9c44a58f0,0.04808228455260454
63164d5e340e5169f2bb8c6e28f7d09842b87e464b8f61cfc3e3ba1b99625962,0.011601692556578171
1c86aea139f3c2665410ed96850a240824ad616c2f339b39992dbdd805bbfd7f,0.008850591197732826
1ff302902d0cc343dbd7e0617a495edacdee711626bf4234f40f76d521651d5a,0.01684119952903405
40c5d0b8fc4390027e230eafc90fee0d69cb7662dff1ecad6c7ec41a7f4224a9,0.03897149729137668
59ecebb1ad36355051266404e2016bd89c63d6f9fa9f953d47dbbb2f1ece7a0b,0.04378140083519431
9affa545012e6ecc48b62af77214cfca92464e30ebd96af0d569f369f24dc33e,0.039740594923355126
7d57fb4193fe7fa80426893c91c7a3f4703e02b3c7e2770b15c27879aff9840a,0.02989337492822886
8e3d629a9a4859edd6ddc0b2589a6b83087e6c3cb0e19b4bfd0dc9918e10341d,0.05779868778358064
4b1addc16d3b706cf7897e4b5130c376f5fc1a6123c46190fe0f507ea6f87185,0.017763322243096118
83ecd44a066ffe7ba3d7bcf665f30349fa37fd7e76696baa881d67003988ce5c,0.04685460968309695
c7dfca73d371aa78cbeecc722b187e0464882b1b0004ed856b2b526add50f22c,0.02325228986600685
6a8f22f12765b53f5acb21445630b80ff226da106c795a593346bd566b82f341,0.04287776518372922
d9808cb7b2ac2d4c26d16c84e84d1dbd253ccbd48d0b447a22e4ca8a3f93b6a5,0.030351428201367117
243156d043082c642013d8f21153123aaa7783363bde4b567930cd181d515074,0.027282545542560217
1e32c4a3c83ae054b01b8c21bc043e086ec07d875e62da55685bd1b4fdb113c3,0.009476100858328394
11fef17438bb1142ca2369f59c13d66d3acf3c647924b941b2dbaf4198065a7a,0.08194661370466351
05887ec45ad1d94054a04613d8b5f5c24d0ca5486c1bf3acace8519f912855e9,0.04737952789238166
9a30552efbe93f8741acb5cf2773c07016979fb6e0b7a98239f20b7edd71b2a3,0.3735431235818954
482cc2e5f4c495d1d8705b8136853a3360ae42f6165d61e351faf88ff794343d,0.08362590377101668
b63e4a5b1ce2343faa8bf8c734ff96c13501f25b3049ce983d00d4dcfd22b82a,0.039888722345626904
27b4fef469a75cdf7e5c94b03b8fa85528ec6fce43f9c0d1f399fb5f7a1f6fcc,0.014827169316431221
228b92d55dbb39e3042faa5543ca1d37b711f67e328176f4bd4e7e86daa6e2b0,0.005644032310597733
7c386f09d8bd83815fda053943ee93bbaf42a6ebafeeec4ac4dc1345e5658c8f,0.00390138923727478
448e642b23953b2c9cdec84b2a5b6c5b0cdc366cb37b3e1057d42dc8defc7cf5,0.13097066904010646
f7d80315f069248f6f279131fc56dd986c2406fbb705534dc65ee01c04d5deef,0.023019932277851658
cfe8bd790d85419b41bb4f11ad12cb12ca298e5472ec54a7bcd8b470f051dabb,0.012977211512352947
8a71dd7f5cbd85f1df2aa994085bb13abe69fffe81dd95c0f526e41dafb949f8,0.005120894743249095
79759541669ea56e549d9041b587f86dba047c4992ec9acb268c3531d070e4d3,0.01021210866019857
783deb9121f25b41fe0040c095abf3794cd09997abe3d1fb03847855d0213d85,0.01813098222519701
47acdab016fb465d5ab03b590bd40db538ce775192f44b104a1f4984e141dcde,0.0019662807731726083
6901ede70a81e671dc39d41dd0dee02597816feb815322bb1c505cb50b726777,0.02826811248799835
dde7a9f40be4a07701a207a56544dc8ca8dab01e07e630d8588c46378ddc6349,0.008131309351830464
762b7d02c564f32dee72ae73f96a9698b5a1aaf77cd962ba2bbd7c0fbdc01c11,0.08984687566113835
d01621600fd27c677c3b2c7ad7dbc20f99ee0ff6e3eaecaa473376aee288c6fe,0.03254763933020223
ee1fa64a075e8c14683818052a9301d3fbc68df807a7eab682090a1ba456eae1,0.001961483870712049
b1965a8441d1b28287870aeedd0cf327ecbfbfcbeda482336363d18c685a1374,0.0627744594882264
3cfd1322a1d28a56353b687e47a4c2e80c3513a7709f93aa5a9349b2ae9c1ebc,0.19789360781831855
43043eadee36aa6557b0e54cb16f53704f03f27088573ac8c637f2542c01ba66,0.10683871398991111
976268f45a36307b83b1fb1406d2288eceb1f4b51d879708e5c1acaa17f22a00,0.04420442544974721
41d83fc55bfc3ca2ec7cdcba927645fd382110495dc8e765b57cfc6e99e88e14,0.06126303520598542
4d2d83027aa417f5ca95720dd0d8c7cb8a80b5e088a7dc4d2a17866de2eace58,0.9911546606535928
53bb4be3dbec91f8f705ac743e9b617f742eb07014cdb7056b88067941cd7d91,0.18286830410538396
10e4bf3b181aa999020928d8c6095c986c5ccf0789c5efdb8268ab28dff967e2,0.002536637938221043
4e78ef26df1585ec4bec8a3122394c575c925ab8a606ac2189096d580ec1f7ad,0.04337781809065627
c79ea80ffa30da405a65c9806cb57b0e9d489eaf9ee6a5968d3eb0d882d0b5a6,0.005187893238363841
f6a8fd76ea9d9083878fa196f0acd30e48648dae05715eda0492a2cccdd0648f,0.01800384821342987
02d4748b505b6d43051aec2e0504df465564e42062beebfb11789a38fd9e0fe4,0.03701136612607426
868237fc3e20316da7554234ffa103af7b23a1340a56395ddcaa4eb392ac341b,0.974864995020441
42ec9459c18355b0962f2ac57d34f8bb8edbeb8dbd0c0bcf54f3738856ffcae9,0.14728090487082177
99d7761c8650ec85e0f6e4c604c4333c00f567d157f3c8e174dc605eb768490d,0.0033480492082461227
a8a0a021a4f1baa0be684d6116875244ed66e55574de57236cb511a20525c9b8,0.03872455208865165
b69591e329f6c51733b0cbe811c8eb6506ad86d32f9bbff4faedb27b6d7f1c1c,0.03867878238811795
36ec5f9caaee66df9b0780648ae8372b9ac504e4b4afbd4507c8e6d8b08875a5,0.04126706394360211
193006317d57a6e6452d3fd45b6d84d784449797223502aa9711dd805a330ff1,0.009121771907303594
e458839bc6d1044c9c044738afa7f202e0007102e99fa69539f3f1ef94e76253,0.12655363070907275
890941e719b8c1acff9cbb0da9e3fd6d27c146af2eee0bd0ef79539641e4b846,0.02302985438651844
1ab331ea9e03bdf688594aea89c20b19853c232d28b7e2b491000c4071286b9f,0.05444465229601258
e5483aa63c885b745de03c5bb8ba889736e69faff0156a1e501aeefe063e4101,0.008828399281211671
9cd2bf60105351ee92f7b54663bed919141796ee6d1e66978a396b92623c200a,0.1353129860554016
864be18eed53a86b98d951f8650de9e82d3fe56ebb1c52e7bc89bcd461bc4391,0.0248366121752356
49abd8648a6debdf718fa71961a79e65813e8be5e8ad738695bcadec842970b7,0.020274987263675295
0b388297e4e3677f1e92cd71437695a6a4e55f3b0fde70b8c89f91fa3a7723bb,0.04219889455393245
0d398427541c1240aac6e112d5b5a95026fe410f5ebde85abd80190a79e07bfc,0.15651989107000958
1ed6e2068f4619eb5033996dc23ebf6d596654953d1d188721e6d43db49c96af,0.02427698359929771
2658d5241e6c790c379babb17b08ae6b9b5e578d3090f1f074710d32d8f8d0a8,0.0034740853273317308
cd7eac5cd20f5e55e6582a62187c3d21408d5cf623ff301036aa8176dfa890d6,0.04428769052413934
ea964e7bf00abeb6dca4904bdc25d892edc5650be1cababa74c0025e0a30141a,0.04542244881751272
d7dced93d28e8a2fcc9ecc34eba92d92131f4463b3be68f67b58e99dc5288102,0.036531540080777455
4391bfef1301ff9693b62854765bb6cd63ff13b9d68adbda9dcca0600b903bcc,0.03467891182028601
56f1c7a371f89633bcaed9a7f88199810a2b27c3006265ed70ed3ca20a064d9c,0.009440162928793717
e370ae2439d1340251a6e03c98543695a7c6230674248ba1789ead28a049acaa,0.013144369137439686
86735364087d24e6548fbae3bd21c02ac25a2eaf786ca3d0892a3f0f2bdcb39b,0.16457056087249988
bf888a9c000c43b09216fb91e44317dca3acf0173b370b200bd70bf39369c9c3,0.008379370653289883
4ae561226f233900d60a9a46a352295e5e354785d717409f2cc2fc5cd02c31dd,0.039342289333297954
90d8716c519b6f7cefaec0c329d7050de1a5f74d22418c4133d1114050c75f30,0.02923072112681534
d8bc29a1d09b30d39abf993c4fbf7980823cc1911f7b4213e0e519dd0ec32173,0.059817557992744706
8e5bd5a8fd8d5e7af1f3c2f93f1c603f5c0344a2e1ffa07153d20f725b726a8f,0.023120412017886706
cc2a178f91813db72bf8bfea62c88a10d20e57997361c28bf084cd58a5884b2f,0.9493383458279386
3482f5d7ed5d133c8aaf620b1c5452b261faddaa101b05957352d05f06291e23,0.03387288505634832
95b2adc964e5840ae425599e5567f29291bd03fd6fa413b889f01f6016ac6000,0.4260052880255094
ff9278c5aaec286eb9681e55dc22de26f2dd1b1ac9c31f263ff6b6f82670d422,0.02771039127102257
2806d5d0fc9b7e3408262af7326f9edf736b8d4b09d3b7a819b944b493ec27d4,0.022036797494994025
a97d1fd154f4b866f655e53fa9d89ea9707643a3af6d46e6514de114050083f1,0.005527915800605294
6497490fbd68e6dbb6d1f3afb7556991d28626b9fee4445f6e353855e4e7012b,0.004211153756909604
38a60d5126fa942a677a9f0059901cf3b4c37d31386123a50e1bb28de9444ac6,0.018363084348385263
ebbbb6d3b12e01ad2a16edc9f703c84bee281b9f3663ebe595ada0990dc9500b,0.032940704726888204
454b73587c49a25bedfb56cdc8439f63544a3a6cfa5de0b9c033d4e79370c6c0,0.11388175075062443
bf94c9dfe0158e5a0da0020deee501f10bf74e45773e13616dca528204705982,0.022413784938279908
a82c094531f0a717efd19e526eff3795cf3016d4105f174bd9311040216fef71,0.08162382352464545
44982125ef932a7c3d640e56355727791e6a14cc8514814d85c9a81f889763b1,0.005064336874548643
2e106fb0e80b1277802c2da49c3c2431f38cad320fd2a2a3d9b4f58835f62e7c,0.0022520972725663434
3de9fc85c457663ab03d4194ea449b1abd2143a487efd97806310054d8ceac75,0.04329666213046191
10289fe882b8963d45f266e092f3203ea74d88221b6d8e0b60250bdf42554f47,0.994884728385922
0187d8ef92e9c9b9c334a4b3929c2c583a8a47e71a0244f7c3c02440d16e2ea2,0.009177870112739985
6b3945d12a0e3d6c842302003c8ae8295147956bf899840e5b5452c0b1df5561,0.05581597754709545
03093e8c90e8f1168e760078ab255d6a42018a258f99fe9e21543c2b1e03f6c4,0.08389812169940115
24cae9abaaf97edcb92cd42691e6c3c824f337b76cdc3c733b638d579471de25,0.03319701302671426
2f8b00f0c44de1865c33a37aaea851941c05a8b459f9707b4a46d1be4ba3f5e1,0.03540592176413738
69650483c862a38803e3c511f05432e248601c4a427771fed2907852ed9b3c69,0.008015340040117695
44e4b9efb9a7cdd3a9bc2e46843028eb3cd5562116c27ba8f99ff75f4509123a,0.03630137969924392
5f78249221ff40aecc7e2200df5ef4a33e57556315f36f9c33efc05946404687,0.00432397875877866
87282fbcb21d273422227eb0346ca81e26425accf8cf7673967d7bc3ca663ceb,0.41072406996775496
999d6a69c1bd1aa4dbb35728b7bb25b8908e3e2dcf7aaee387e873710f77d275,0.6545415188588648
1b6db3851c572dcb875cf2440eff6d9101eaf12ca4001778bd548a5983ed9cb9,0.05862527009415393
065b62649e7aae6be64b319c5d919e535d4dcf01dfe5ed64c123d8051671187e,0.03030460514965681
bfa162622e1a0cd128afd4c3738fad50721a8589be592eb035a6f12410989177,0.027434578680219042
acbcac076bb8e70f0cfd0c64c656da3a4702c23af03a32cd981fc59e78bacb18,0.03341951833260507
9680f660073178381a2c581282d9f4796b1709a0101608168856139a1080ae39,0.4512565674138284
6c765befdb6e0df8c8bea3253ea98ef65798c590835dd0e11877e772dfd47eb5,0.007065097773821681
23eaf0db122f9671255cdfaef254b9bbbd450c3e70a61ba8bbabd7f4f8bb61c2,0.03871069017162457
d8f3b1436bf456ba63e709b0cb0c247ee0e1f81dd7fec03e642362d12dbe1825,0.06008619316206696
8537f0c34440caac424ee2f82384a544a4e69f39407b4a46dc44acb8461b9c16,0.23001521324455554
d413f3767c64fe325288383089b7a2fcba3580c4ef28279ecdaab1d1bac17f9a,0.015918020122074328
b44bd9962c31fd4d0f47c68591fb943a28cb145d6f0e470a54a83a9605fae5a2,0.046861624269204934
38dc03d7e190cb0dda8ba45fa3ea472c7408a5c2b7042b10e67a44120ffda49d,0.23494959322639866
fb99a384e00251b85069472786765d8043a6452cf89b8c18cd76a17109bf8f69,0.016333923029657575
8edd637f62ed2d1de7f7dd91994f59680d81f52dbbac23cb666fce271a9af518,0.013520976067978734
af72c37505ba666076c178ee37f080fdf78c3e84673905433345ede6170b1791,0.030564676429132496
1c12b08dc80d185112d84291c0cc04740df0ecea81e4be83c1d72cccc49bf5f7,0.012250706122565264
7f623261f7a03d49d8f2940a768572aea8c4fa6462fc0b6690bf6e2decd04b3c,0.004331680843774158
94ba16a16a377df8fa2088ea007bab9ba7eebc79c55269805bafb5aa858c8fea,0.052319090307141186
14312b380f02210a4dc2cb24a94a574b04aa6704e06efa6c3ae2b45e57d9519e,0.06631612772318476
3c4ab45681dbf8b2ba7a301565af52ab23b27d3a103e0ae4aa10ca05b168dd31,0.03215858417725978
465ef006850d2a2b30b4e51f44183b2a311b4b5be1613f32dea3cc6b5b7b30c3,0.015636739249531195
ddd978ad4c8b78ca54fe0a60b42813c642a9f732cc62fbe6700d17934a9a0739,0.025786705113673085
106c115e9f0183cf65e720c8b272a65228d40aada0d597ed327b43ab99dca22d,0.006214617058818178
fbfa3a2b758242e26534df2cecd5c2b335670ce7719c1afdeef3c1d00205701a,0.07430863739692639
6b8fad1820f319eb317c6498f9e8ca612aab6bd60efd6aa7e6856c365a12fee2,0.0024926362538640317
0ce7081144e2bd04a5b61cfef88b4a39a50860b2e5ee95a0d7f0e42edb42a733,0.043522397167721605
2aa59850d2c383679bef93d46b5ae73dc97d2be693f36553401f2d7793524439,0.01996996080529128
a42b1d084cf7211aa41e68243a23a8a1c0d88bc126bfaf3f7329fb1c7691cd8b,0.45453772197689163
339be8f59174045db3d91143d6cf28842aea10fe63d1973b85a125965f8add82,0.052309893648447396
58d38697c48d00bfb0d077aa15038b2d026724b5347c3a7a1c812bfaa89bc4da,0.005875153261421793
bf3d1c839a9994c00d231e2c309afc01ed3558d73ff395da706faee2eb0b20e1,0.009158148219039557
a06353132dcbee6206832d6149fc4a836e7fcc8d0c2ebef3a1ce1b41c10de85d,0.014974175396766223
7df8ed070ea7079c99e62c2f4fc4b8ac4576c8b5761ed9eb2fc63a21f486e868,0.024909219725461236
69fe7264a9e90b25942c14c70c520f067ceceaf9e5da48a8488cbce19b3586e0,0.08554233960226584
4b1289b0df79123e39f73d566674326d32cd60ab306ad93e441f73720ee46ca3,0.0730214311401077
be8be630a5a33ef048e3ae0b16b04061a4a88c3a317210fb554a1f20eff78e7e,0.005146802916885889
c1f5263a9c5cb7e29b1c94c9168174ac5be95a6ffff694722c4f75ea8b75ee8d,0.004832007819686011
e50d9e5efe0e0d7e7568eb9efb3b352d137a7451aec02c52f00058e898a86355,0.015343402790079782
ac95ecc895e9da23ccb70c434d8dff85c4dd92a9f92208e8ed3a755eec10ce16,0.013756045643906761
5553d1ca95c27b4d47268c20af00c29a267f8be3f5570c05761f20a4376d6be0,0.002684658567295085
a525589cafe1f07f5eb6731eac107559d368e02b99e12bb46fe411d269894b2d,0.04416433957194293
15d8f64d1af84d2c6a82955add799ecccebebdcf49de12cd91c7c6579d65070f,0.025163651593105595
f419a0b3373281b1b89c50411e739b0591dd5d0fb8e5b10e2439f9e891a3ac54,0.04094149756633096
03a28c2b376d50d78d81d6491f5bc20608839b34565de835781b7333e91147f5,0.0077819528587651995
7a1848c7fb0347dc327c0e289259df682c1df9279b63c6979b4ad5c5195795fd,0.004160654783343165
2d46c677b10afddaea5929b56214da542dcd377c3a7fc28dd6b3ae03f6484e43,0.04597675801465748
def9fce5241fe465632f57723be89382d351e886915ef14df998cc66c51e6b92,0.06535688032187756
c6ff161c0242af2a6c4e94ff36df038e7f1514093d3c5886f97fc92a952813a4,0.3407829181652178
0e4e21fd3244e0a25390456f0d8df5983c676f9a6958a971b042c169a2fa95a2,0.026147910236466856
c09ea6e3c7a6d4cefcb5f3cc4a9c5621cd10e8d194a6804801ef3dcfd1b212d5,0.012736510465774533
03d03253c56c2fe0e368368d6f2773e5ffca2560d6e1d53c319b25aa76145138,0.06027566238759328
082b8527c3096754c4053c5dd8e73168146d783c941bc1ce7c55db69863f55ba,0.03384567626713128
6d329cc92939f3aae09d0abf552db7d8b07585f70292d2b1bf098dc40fb7d28e,0.4188760180905556
969ed60aac393bf43e1dfbe221cd994c877473054c5ead949224d201fffa4993,0.0022091842649535815
91f9b2c36fb38bc3e54d5604eda70b045e02de1a2d3b860622ac282565134425,0.027210482764049696
02de7eef384e5465040370151a179ce8ec5f24bf3b0b894fc934993013cb95ee,0.008331191483618704
f7ac97526e26e5f1110dffc099534901b006e6505f9b2368ce18621005cef0c5,0.005463270222579885
eaa2d1add74c32aafd8d5dfbdef0fd4ce8b735462c8fd842e11cab7822aee039,0.03692165925052613
7f9c841335746efd02d4c50f51728abd771b460f78c4c5c4fab90cc502f861eb,0.035517182248737324
3e7a2a1988ebef7d06ebbeb9484924e50ddd494c6f778f046eb11c65b850c636,0.07227942281784203
47508502997ed6071d35568f003af08594fe6eb2ef1d1c946029878cc342bef2,0.013106626199690217
0e3577de3d1260cb61fbf2f6a7a61c79e7907219c790170326d4bbc904d5378d,0.01547995429814976
e758965fc4fdbae191641f0d164a97527d47a67ca9e617cfb1ceecbea52ea3d7,0.01584410836425536
7ab145c7a1e13ff145890411c811296d02f62b39ce14a58eb71e932e490eafd6,0.016641345958184835
ee7381ac3ddbe730824e35ce6ad232b4ae7e5e71135c2876b553cd3b58491ec0,0.08065800339637301
75276f1169114547d174a2db41e038c07d50f4a48ab28d5f29e3df652f2b05f8,0.12332969385404138
3a61f556505d2945a66e2334ea4abb0b8589ddcd76acb7648a8f3cdde756082b,0.04462022368142446
0bffa55577abfe04b0d76c54f660a1aad850c58c30f8054ed38cad520c3f836b,0.09130543308836234
ebeea89a164d930c37903bc02e1497e7daeb452f4289a0b5d2e59e44a9b966e2,0.06536961031841272
10849d6490d98345edca99351ddd9aebfdf25978a627d5a0400fa7aab0ac069d,0.0033135174802781664
bf0a5972efb3100a86d500b62fb124f9b377b1c84e3bcb92b97144a7ccab83bd,0.03503276093702383
ae11b8dcbd48926b238431267971adfb3e7ead62efa949c5a1e4f99877675d49,0.06034688266132258
ef97119592dfa284e2d4335a191714a3c9412b1c5afb89ab5e797eaf40b1afa0,0.012908019035495056
7d2c32ce66e5ae8fd9a45a516e727083fe71f1614ddd517ebab931bf9e559365,0.018713982823221422
088725a2405f69b0a15b76cdd68a8c40b5682f8ab632103ff40d308bb1b4cac1,0.06946223366194401
a491cbe8cbd23dd93325ad2e9f3ad473b9d9b735ac89eff63828d543156eda76,0.06601716032137343
2d65f8d3a3a9191f71a8d969d1f3f5f866a42a364530f405f8ecdfa3773ab83b,0.020138071664572453
3a5251d26d90957a0f068d614969ca879f5bc0754037153785d1afa9d4e7da45,0.0526050604722372
a6a8074084c36138134dcf816040ff4d9d2233cfd430400377b9810a192e1b60,0.05580228362301276
7a32f8ad15a9a12692cff06c188cf40e6aa398e6423c859c5cbf71e90280ca88,0.0019444194939809123
9032472d7ff16a50aa7e01bcaad2219f9d98792ef8adc5548319c5d072b2d7bb,0.04751656469165207
3a3c1fc43d7bba19edd3dd801e9e95a507dc529856f0eb8fd792b37e01ae10bc,0.03311047637858411
1deac1f181948aa4aec16e8aef052dea9bf7edbeb36276a0d5280d569977bb6a,0.019316919598938165
1a26e46272fa0de7baba699f5bedb94f6931f857d45b28ad747994b23e0010fb,0.003177344605516891
c43bb560c3418820b534582e9d1a212f45094b67b01a3d21b69813160380ee5b,0.07766126232812273
298b18366b437ac2db53bc7cc860d271ffed656e0e279feba5458e8f89151e65,0.013696341153492633
664bc0d2f87a99272b4671ee36bd8a88a3c4cb02cfbecc82dffa0bb0c9ff36dc,0.017576159438304
2ab14134f41d38ce73f62dc3d62aaffcc20fcd5c8cff7b68d74ebd6e4d1b8067,0.042040332821628626
17976e481c10ec6bf5fe0ed82b918e38ad9fa25b8dc5bbb0a1f5b90aef83f441,0.009747791375139233
5272f0f479ba565d62dd103f447233a4befece2b5ddb2ababf16b29014f16441,0.005549478961445707
eba174ee7de1077d7ef8bae54ea415df7547fdb1291b5fe0d65aa3eca0413373,0.04647155697653145
fa8a8661f1317571fa2a417ef89fd0021eeec3b0b51e7073ac9e088020b954cd,0.02587260828499742
8b43a05dc6067af5062551152ea1b7bde5e6d961ea160c5d2e9474d89dd52887,0.023054209750564682
14a6dd0d7555bf4e43f60431c252a51cde82915a0f3e049fb13ef086cb85a83a,0.7666986222661795
5da8b6e570054e135d33263f85def846f51cfcbcc6faefd7b98d2e813abd7f48,0.0029450024346594347
82bdeca778286b2bfece24d44c39d3a4056c616a6600cbe3407ed7b7383b653f,0.05505290838290536
d8a041531c7621e636d9075468f6ea08a3d3099e7d4c0e28f052dae7c64a3ffc,0.10068685403383494
1d1fe032f1fe9929b4c67900ca05c8fc2f23737e0348b11ffe023fde9002e4a4,0.17117994216513133
1ca4e67f7546cb020d8f7d56401b5d4b760ff383130dfd42db6e923830caf683,0.004257065883951345
0f0b9d86bb4b8b0c6f46281cbe22110e8c44eddfe960ed4973a281782b71e46f,0.5955057290381369
7df5b68b1c9f904f82f30662647c562214b3f28e3530d53dd1282a3df16b5e4e,0.0034390162521547698
552394f92bada3bddeb104138f539bfffabd74c325d40bb5d297ee7050722bb8,0.03988835430364443
d2a342625f19e6b34aa4bcd15cbaa9918259836e0eb5ee6e5f396434e1d556c3,0.9849723665004451
3ee22ad0e8b4bbc5982b3db2520c8bd1e49a40be1d465fa779d299e8af88c117,0.002701605658113311
c727c02c78e845ba47cdc59991536aed4d352a3928c7f6b2df8c1accb5f8d400,0.009466877132120253
c1db83673aa4a8f3050d72792a3cdb1e50e42fbd0bd8ae86cfaed98759baacdd,0.04494440534313877
107b35586fb36e0d6b5490d1397fb0703a4401cbc37b4bfd2b7e5a6a77a2b815,0.03256379642159752
05e73bb7f96e1d137e2e4a8afcd04807654f630334670e332fbc46ab1bea7cac,0.007844020618355936
46fbeda3fbf09b2a8e6faa5fb7a94777031d627dea5fb356f126c17b6ae915a8,0.008689863266618213
5812edbb9a44d6fd916e788b0980f0d5b333cee88dff4b31a8ee536c8a329afe,0.04867482196686004
af09ba200446a0beab651de95e010fbdb8123ca7f624b75dafe9b5d8c2708fbe,0.02983244416114165
a7bc4082a3f631e2345b6e13b3d36d54df831ae2f63fdab5484c02e7d38c1b2d,0.02852860830384308
dbf72a9344b7ef596849a144a1cbed1ea31170afdc699fa55040642718fc1215,0.00942430549899012
033bef5be078c41f8527341bd360db2d653b565aed837d917c8ab3dc6681a80e,0.42245272758084235
5b119ebcc048ab85e88bf6a54223d9b383711dca92e98f747e53986b67dbedc6,0.04868872863499136
0feac608a4304d9815a5a80a93e9de7bf89572534b2d43d85040a510bf0b2e05,0.006099411653146843
9699db7fb4020035721af2e9d6c091b10d6f0424c1d09e8c4dfb1ae5d9f48dc4,0.023021122273571653
32aee792864026ee5954d9d3a873c105026a92af8012b21e3af85c96f3743794,0.04428769052413934
54a1f4ce24eef9feae57efebfe436b25147a7899bccd6e3642a2d8eab21c53d6,0.013654144006122554
bd14ea5f5d19a9e4db76141e4c40f395ee210f1026552f161183d99877ee6ac1,0.0051907504493556396
3b4ce6f43e23f0efe3ab361ba8beee14ed2bdf28bb8f0c0d8060742011c4ba11,0.042439006448743176
d6d68dd66cc1aa1ee135398bb5d0a2653be3e1d91271392e626f1545dc1fcf58,0.007176933688034567
66db671e995c78862c1771fceaa6dc2d87844e4c10fd2f46e4e12101c28a4fa2,0.006408043236061239
7ec259ba4af9a7a1476529b5abe5eaf69c06e48947b19b1697f1bd39d8fe7492,0.004213129701164325
6e10224e6766435283bf150751e03f49c73bed9a41d38e86d86b28dfa7f3c0ee,0.016606366987707392
4d61a231903ba857e58a54256fbb478940b8448c1519977fa8168db1e80576cc,0.026170824687907046
79a31b10caf7393a813d03dc0bbdca8230b549ab02ae82f590b24d7ba7699665,0.0013696961044600987
59ee5db078933aa98e94680c768d93b8d0adcf2ed39b9678e89105f166a83ece,0.46322593900389747
98ba77ecc5d81226d2bc7b0cab999089fcf651d7a139329d31203281dfd9c196,0.007168010103067192
4a2437dd8beac9412929bf5f950e7ec082c9cc2d56ca8f9dc127f19b39624e34,0.0484941783328402
ee77465317ea4970e8383f1ca41b0ab708949fa2077d3d0967f9f73367cb09b1,0.008339640695691201
5e9098f71e3fa1310e456bae7e2693870a21a5e7ee99ecd206c43e36a8b0d4a1,0.0045650996909750155
1df76b7f300e6e86eee1573528e649b94abcdf46f89030c05f3e4ee6e01b8bc9,0.021677752937422638
4c650068e757e2ea63829926c4a8b120e56ee568027b8579f276a44c946a2e8d,0.042465922634177665
b38c78faf381e8d2e0e28b595f19e6d99c764ff785420def05a0e965aa60059a,0.020152680562414534
a05e9a2fab1bea173aba0f5fd0b3b97ce0ab57e63b7549c9bb04e4fe6f3c1139,0.003964807157803952
878bdcc3e86bf4c732c17d2d5e8d6fc1124cfd1830350ff39a575bd564af940f,0.04404202628702728
772f1bca93cf5a3e89592fb23b068a7110f2d88c4ec99fc71973e18ccae7702b,0.07096483996134192
394bb835facafa2e06c23d3b6f20977963e2ee36969e0524b8d738f3d739e58f,0.005577440795696893
cfe9246951b61d97a5d03f229fb2f91f8d17afeb393f37da1af5a20dbd80e9f9,0.13841474326999215
3a170e3284e8c0f5291518b178cf1d8436b5b0aadb88005ce6542a9beca722ef,0.027754623044175853
b8c23f80bf9866ed6c942b2d1fbe23158bbb8049ecf3d34aadf228392e93d0ee,0.025636102845667773
2e136a5b8cdd69a93acc137f85339ffc8a697d018521c8153c3ae699fa8e4a71,0.012818834270915526
c148fe66a9b5db662dcaea6e88172e4cd705f47373f401f1adc12076f5887779,0.0052717467518354506
f3c30374f9dc25d62c7a983c86db708ba51e378c9ae08aef110a8863553c4eec,0.002576419947484971
bad8c2af7becf02389e12246aa45b561ad13df299bc886b09091a830f374d95d,0.012781532419359972
bd90481f2a0adc7b04e6676ea5cca8c14ff53f019fafa9e1ce381d56290a4b2a,0.027055732913734948
384887808c8fd056502266583fc6300265955ec3ce884b943567e1f5a6d0a6ee,0.00574824739404621
1d89c3679b40c85b13a210c775fcbbd498ca7e68d84d681a47fc8f795157b1f9,0.017069417034601162
61f9a148885671fef1ba7f5a80310397645c975878d7ee2fee3b9f148a7006a0,0.040858266847969844
2a8b94630102bce37b501903143e8f9619e2bb636a907ac2aac8e71d02041913,0.37174087036086406
7f97260e611a8e7ab273d4fd5d5acde488ee289eedd5c9a4a0a300278f7007c0,0.788654134673275
8dc55f1082090ac5d8da1ea4ec6935657f2bfd6a1b57e74db0b2e8fc465af4e9,0.06602983220154979
d8058392091849da84ca38ee0816322dfcd2630c5c2b17cc3d79dd1a2640a80f,0.007614089133064809
3bcd373d94590f1aafdd26a7f55b7d109d977ac912133f45b9c8a4ca07d56e15,0.10302911919500707
1f0a244f657bb34cd44223e66718c87ad3200d881b0937bc41e5b32aa394a267,0.009184566246892966
4df5035bd45b37316eeb7d3f251d73f8ca8844719b1a35d52a515dae9b1deb37,0.02656062420815556
b0df27d857f0be498c3619246383bb0795b0007af952451e6276d8486b9538ac,0.1080788936727514
8ad51b61a141361f8ba325955d30392378ef64109d39aaf384b14e89505b8d8b,0.03289764860206833
7c261454476a4e9fbe2f5c9033c17429bef8a7b6592bf69c5463512f015e8d11,0.04802770130872788
59c4ffa5e871e397da3357d99a1c4d23956a6ec40763d774357f8513eacda035,0.016367689948015008
bdfe79838eacec24cce4c62c6593e3615a6ffcdf2c9ded5a37c3f9bccc691d8e,0.030508692522005096
e43d6c5773e764b90f9cc5136588d6990bd6cbe9200455ce8d42447a8ed61f7d,0.203078666395633
4f53da3338c54350f85a618c7425b7410827fc79b6a44b5968b826ecee723317,0.01865317345956786
f62be412fb9d64c86a356b1a854700bc31827e60a24b3383198346179b5c67fd,0.00886333203338825
85ad378ca89402b7a5f153deb9c23d7bfe198a18671346bc9dbf2d1c60d9569b,0.010837667554242505
d5500aaef077a5e0f01d1099b047c2e5062a53a69f482b43036ba6192e455c77,0.015823081622266182
4b7eec2ffee475a1ba96f7681e2428903b42809294128c830d19c9275548feb7,0.01999814047423065
77b6160be384e09b46f2c7d8d84fb18d3afd53c3216b37e2f5031e93369c4381,0.0428549426881627
c4fdf75d94c99345c986eab2add1d3d1fa056299bd6f6eba804396cdea76a66c,0.0027123199578874793
84a747318253379c732012c631ec028808a1ea92fa2fd21e385ffddf758a693c,0.0034073702434754983
537082baff59366cdbb2007596c4f7687e62214fb37421a6f9eabfcef8492c73,0.019791579889294288
0a3fb85ddd7f10d734bddf2ddf54cfa793e3cf7053a03fbc39543e3ede5370c1,0.030735500390293914
86dac8724200f274d8dd80cfad75b91d730bbfb5d9a0a78d04f6424f05fd8284,0.035293723899101556
704899444da461da9e49aefd5fda14ded9b6be4998d75bc7b83f25d26a8d8441,0.011136982962681358
37c57fa78a6a007ab2c8b2931136e95e53bb22ff50c5f59d286b760605d8c340,0.035143671334772725
2a25cf18ea4dbf90aa880d0f5524787947024009787a0f621e5fd0c84477a9bc,0.9946845385334677
0f9601fa3f9e39e52ef7a8946e73c8026280fe36a955c2204c9467371a6a8d3a,0.029288423362924778
d29490ed9c3d3460cf9883d9fa8d012a710a107168af4b30d7329f955128d305,0.04406278168846363
719bdc0faa959a6c7c204b52e41826f2f7923d9f3e2c374534054523d3c2a911,0.009720399504352712
3d18f8ea1b588f5b861debe05a9e9a45466dc58cd5d91b0e40beca2f95a616be,0.03887381305322794
795a0ef1cf81c6182396859942a0f094962d27db3ec51d88a8ae22ac2d57e83d,0.04803557557827291
d98aa0a436468b6b876f80e3b91b2c3b1014ebfef1da36975369b729714d6083,0.08729798031876734
d7620c3762c8a60bf5846ebab90472623d7bdff8040f00eb1bbd51bd87d51648,0.018176292770473754
980868c99f1f83b00571f9d86cf08d671cfeffad0319c9377d2c135986a2fce3,0.264921636536242
1da97a4fb2691cef2fa67af8a0dee6dfc7fac7f920404abfd7d1f9e4edad2bc5,0.035544051219376406
06521118991af65f41b541e691a7d8c7bb39341198608d0e035bc535ecc1ea5d,0.005963487963306813
afe7f6ecc334f70febf372b94db9a1cc3d9c87c2ca6840bb9ee8a09273536fd0,0.04283639790684578
0189a46d5212c16843062d078a4be31dca458f2e92d56b4e742faf4db4724c96,0.048907884172284644
21c20c396ddddabfd8e6573a822219404b64837fe5ca732745dcedaeb6b6b992,0.061693425685525
4f9547573534dcdea59100004d2193ce7fcc2a7c7c8c6a1844648d36bd94b4e8,0.030617526389499244
28e703c5fc7aaaf0cbd4179d85507b2779560f255bd12db225f097fa38406f3c,0.013661371500850414
72666d2300634a2466f0e113ab1cacca4d60467f788c7f1989b7595bae9d3061,0.010340937461052612
c799c7deaf4b60542b5f0110a7cec760ab1177d2a557a7ad866f3d23f70496bd,0.019692976375682295
41ffd1aa64f815c41e5cd782dfcdc3e0a8c3c2eae60601e0952fb389a6d8fec3,0.011615184139089007
afb168d0b7919072e5d2eaad9646e528f2d3ebf40897e8bdda42462276e3a275,0.029179581939727226
d4baae2dfce947dd0e38e7d8e6d51b80ce59d2dc6fbff49c6fef972f850f6c02,0.00857099450996912
30a597fffb5d5df99edc2463ae0f2a767fa15c675115fa3f7aaaf35dd786a668,0.015771994477315004
9bdfc2a9601a3c526f21901f57177bef92232e7613aefff02cb589c292597352,0.005643973153344292
234bdb03170abbefd3e40dbc5faadb832caf8fc385ebb3cc56b200d5ee972b46,0.9484632918702744
04a15e476ebc9e4c2250a69d99fee60cbb297776a952368b482c5f0242532122,0.02593238946575154
e5717f7e988f52cd1e47b0f392999347ac51696f595a416f6ad80ecdcf0098a6,0.02848798633684236
3d400ae9f0609b124158d435de9a77bcc4b427c01a6f226f57d0aa59aa70e3f8,0.8980146550434025
a4d681efcc0281fe8d157e6fd87bce1024c941516361e9d888b0eff7588e9a2e,0.13126304131398114
7dfacd5535321fe416372db0cc6d5c7b1a22f0f46e9b4cfa7327055836e03d62,0.08587171544042665
837262eedcf07013d5062962e01a0e43143a6aefcc1f8ccb6bc887debbcb78d9,0.021243781386408457
c820a03f44f8b97b6106a7be188aea00e97c21ab8f8821f2bff8d25cd774b476,0.003025477512357016
0c29a145175dff46ca1420dc022ffac52d244a4f6ac6ef366d7e5001e2d95129,0.03202245431405078
4f00a76159147905a183ff87bf28784cb456a9bf9e2e4b6406db1271968d77e1,0.050597807449825054
7ee8f048374c285eb061091b4bcb227bc3224c9513b28675321ee1e13f922fd5,0.009934677158638501
6774ed0a5e044c30853f10faa4c9d098ba2d9908cf25bd186c3424e24635299a,0.11451860106571114
a653ed78b39b792989635e9066d4cac0d1733998b2ae4195b7e730a05b858bb3,0.054529109235855626
9227d082c914ca4c08a396f01e36f066c8662a18e44618bed2d52f9dcb5628ad,0.11245809869259499
986be7506bdc797a2cdf1c09e2755ead903af715b4f84fed4fcd5f86912225df,0.006218241252187584
fefccac777880d456a4d4a6d6801f881a979da2eeaeac4cc9e6decbb42b51fa2,0.010020758683935455
fa842f6472a1cc94e46985286287367ab901b5ff72329f7837e0754f0b66b1eb,0.014281843005176242
6a968aa1904b83ccf416c9da1a1ef1d150601558527b2135850c0114bf65697c,0.02826382740082624
14f241665e364704aaf263f408094cd75034e1bc2f53d1f6b13fdddef7e4e99b,0.018863863500583618
cc11d342d71873864fff2162b0df18b6334dd21990135ec47ae032b99ec6ccd3,0.021019787847285257
eff05f42a0c2bed7b7b5d168e2cf7d2618cd6fca5a6584fa78bd29fbfa95baa6,0.7282852397058884
ee22c32871b9e9b7e60e13f9a2bfdfadf31ddeb32e76fcd32e18d479fa96f384,0.01641280502771356
0304740f337840d3e2c28b48edd0ff4ab680ea0f802884d1bdce26ae83f14953,0.023733758399624598
0b35631c52bceeb9b0a83675eb95bde4a417196e5b3c97cf5a1aedcbcfb03b60,0.03189887351954877
8cdcc6acffba21fbfb5b5ad3141f6c8921f9cb4dd15fd71e703b1023227861bf,0.04604411602306231
